{"stats":{"minecraft:dropped":{"minecraft:wheat_seeds":2,"gravestone:obituary":5},"minecraft:mined":{"minecraft:podzol":1,"minecraft:hay_block":6,"minecraft:dandelion":1,"minecraft:cornflower":1,"minecraft:grass":21,"minecraft:grass_block":6,"minecraft:oak_log":4,"minecraft:dirt":5,"minecraft:player_head":1,"delightful:wild_salmonberries":1,"minecraft:fern":12},"minecraft:picked_up":{"minecraft:dandelion":1,"minecraft:oak_log":4,"delightful:salmonberries":1,"born_in_chaos_v1:pieceofdarkmetal":5,"minecraft:cornflower":1,"minecraft:dirt":12,"minecraft:bone":4,"minecraft:rotten_flesh":2,"minecraft:wheat_seeds":2,"minecraft:hay_block":6,"minecraft:player_head":1,"butchersdelightfoods:sheeprack":2,"alexsmobs:banana_slug_slime":3,"butchersdelightfoods:sheepshank":1,"minecraft:mutton":1,"minecraft:white_wool":4},"minecraft:used":{"minecraft:bread":3,"minecraft:player_head":1,"minecraft:rotten_flesh":2,"delightful:salmonberries":1,"minecraft:dirt":12,"alexsmobs:animal_dictionary":1},"minecraft:killed":{"minecraft:sheep":3,"minecraft:zombie":1,"alexsmobs:banana_slug":2,"species:bewereager":1},"minecraft:crafted":{"minecraft:blue_dye":1,"minecraft:oak_planks":16,"minecraft:crafting_table":1,"minecraft:stick":4,"minecraft:blue_bed":1,"minecraft:white_bed":1,"minecraft:wheat":54},"minecraft:custom":{"minecraft:time_since_rest":142,"minecraft:sprint_one_cm":30916,"minecraft:damage_taken":2003,"minecraft:walk_one_cm":85717,"minecraft:mob_kills":10,"minecraft:drop":7,"minecraft:damage_dealt":970,"minecraft:interact_with_crafting_table":1,"minecraft:fly_one_cm":49567,"minecraft:open_barrel":1,"minecraft:open_chest":5,"minecraft:crouch_one_cm":165,"minecraft:play_time":34823,"minecraft:deaths":7,"minecraft:sneak_time":20,"minecraft:walk_under_water_one_cm":793,"minecraft:damage_dealt_resisted":12,"minecraft:jump":383,"minecraft:time_since_death":114,"minecraft:walk_on_water_one_cm":1680,"minecraft:climb_one_cm":20860,"minecraft:total_world_time":34823,"minecraft:fall_one_cm":19414}},"DataVersion":3465}