{"stats":{"minecraft:killed":{"minecraft:sheep":3,"minecraft:zombie":1},"minecraft:crafted":{"minecraft:blue_dye":1,"minecraft:oak_planks":16,"minecraft:crafting_table":1,"minecraft:stick":4},"minecraft:dropped":{"gravestone:obituary":1},"minecraft:picked_up":{"minecraft:rotten_flesh":2,"minecraft:wheat_seeds":1,"minecraft:dandelion":1,"minecraft:hay_block":6,"minecraft:oak_log":4,"butchersdelightfoods:sheeprack":2,"delightful:salmonberries":1,"butchersdelightfoods:sheepshank":1,"minecraft:cornflower":1,"minecraft:mutton":1,"minecraft:white_wool":4},"minecraft:custom":{"minecraft:open_chest":5,"minecraft:time_since_rest":4524,"minecraft:crouch_one_cm":101,"minecraft:deaths":1,"minecraft:play_time":17246,"minecraft:sprint_one_cm":14566,"minecraft:damage_taken":385,"minecraft:walk_one_cm":39651,"minecraft:sneak_time":13,"minecraft:mob_kills":6,"minecraft:drop":1,"minecraft:jump":162,"minecraft:damage_dealt":589,"minecraft:time_since_death":4474,"minecraft:total_world_time":17246,"minecraft:fly_one_cm":15528,"minecraft:fall_one_cm":6527,"minecraft:open_barrel":1},"minecraft:used":{"minecraft:rotten_flesh":2,"delightful:salmonberries":1,"minecraft:bread":2,"alexsmobs:animal_dictionary":1},"minecraft:mined":{"minecraft:grass":15,"minecraft:oak_log":4,"delightful:wild_salmonberries":1,"minecraft:dandelion":1,"minecraft:cornflower":1,"minecraft:fern":8,"minecraft:hay_block":6}},"DataVersion":3465}