{"stats":{"minecraft:dropped":{"minecraft:iron_sword":1,"minecraft:wheat_seeds":4,"minecraft:bowl":1,"minecraft:dark_oak_sign":28,"minecraft:cooked_porkchop":4,"minecraft:rotten_flesh":2,"alexsmobs:bison_fur":1,"minecraft:poppy":1,"minecraft:grass":2,"butchersdelightfoods:beeftenderloin":1,"minecraft:zombie_head":1,"gravestone:obituary":17,"croptopia:peach":1,"minecraft:calcite":2,"minecraft:white_wool":1,"minecraft:bone":2},"minecraft:mined":{"minecraft:waxed_cut_copper_stairs":1,"minecraft:podzol":1,"minecraft:spruce_planks":1,"minecraft:stone_brick_slab":2,"minecraft:brown_carpet":6,"minecraft:red_nether_bricks":1,"minecraft:dandelion":1,"minecraft:crafting_table":1,"minecraft:cornflower":1,"gravestone:gravestone":11,"minecraft:ladder":2,"minecraft:decorated_pot":1,"minecraft:grass_block":17,"minecraft:calcite":2,"minecraft:poppy":1,"minecraft:nether_brick_slab":1,"iceandfire:lectern":1,"minecraft:glass":6,"minecraft:coal_block":5,"delightful:wild_salmonberries":1,"minecraft:blue_bed":2,"minecraft:spawner":1,"minecraft:skeleton_skull":1,"minecraft:hay_block":56,"minecraft:dark_oak_trapdoor":2,"minecraft:spruce_log":1,"biomesoplenty:fir_log":9,"delightful:mini_melon":1,"minecraft:coal_ore":18,"minecraft:grass":37,"minecraft:oak_log":4,"biomesoplenty:fir_leaves":5,"minecraft:zombie_head":1,"minecraft:cyan_carpet":1,"minecraft:dirt":13,"minecraft:smooth_quartz_stairs":1,"minecraft:player_head":1,"minecraft:oak_leaves":1,"minecraft:fern":27},"minecraft:picked_up":{"minecraft:crafting_table":1,"butchersdelightfoods:beeftenderloin":2,"minecraft:ladder":5,"croptopia:peach":1,"minecraft:leather":1,"minecraft:mushroom_stew":6,"biomesoplenty:fir_log":10,"alexsmobs:bison_fur":1,"minecraft:oak_log":5,"gravestone:obituary":2,"species:wicked_wax":3,"minecraft:cornflower":1,"minecraft:dirt":51,"minecraft:blue_bed":2,"minecraft:zombie_head":1,"minecraft:bone":22,"minecraft:cyan_carpet":1,"delightful:mini_melon":1,"minecraft:wheat_seeds":4,"minecraft:spruce_planks":1,"minecraft:iron_ingot":1,"minecraft:dark_oak_sign":28,"minecraft:calcite":2,"minecraft:player_head":1,"minecraft:poppy":1,"minecraft:coal_block":5,"knightlib:great_essence":7,"knightlib:small_essence":6,"minecraft:stick":13,"minecraft:cooked_porkchop":3,"minecraft:stone_brick_slab":1,"minecraft:dandelion":1,"delightful:salmonberries":1,"minecraft:spruce_log":1,"born_in_chaos_v1:pieceofdarkmetal":5,"minecraft:honey_bottle":1,"minecraft:arrow":14,"minecraft:rotten_flesh":5,"species:werefang":3,"iceandfire:lectern":1,"waystones:waystone":1,"croptopia:orange":6,"minecraft:hay_block":56,"alexsdelight:raw_bison":2,"butchersdelightfoods:sheeprack":3,"alexsmobs:banana_slug_slime":3,"butchersdelightfoods:sheepshank":1,"minecraft:mutton":2,"minecraft:coal":18,"minecraft:skeleton_skull":1,"minecraft:white_wool":6},"minecraft:used":{"minecraft:oak_planks":4,"minecraft:ladder":5,"minecraft:spruce_planks":4,"minecraft:iron_sword":51,"biomesoplenty:fir_planks":36,"butchersdelightfoods:beeftenderloin":1,"minecraft:blue_bed":2,"minecraft:player_head":1,"minecraft:rotten_flesh":2,"minecraft:white_wool":1,"delightful:salmonberries":1,"minecraft:dirt":51,"minecraft:mutton":1,"minecraft:crafting_table":2,"minecraft:mushroom_stew":4,"minecraft:chainmail_chestplate":1,"minecraft:carrot":2,"minecraft:diamond_helmet":1,"croptopia:orange":6,"minecraft:obsidian":2,"minecraft:apple":6,"butchersdelightfoods:sheeprack":1,"minecraft:bread":11,"minecraft:iron_pickaxe":34,"minecraft:cyan_carpet":1,"minecraft:stone_axe":52,"minecraft:sweet_berries":11,"minecraft:chainmail_boots":1,"minecraft:cooked_porkchop":4,"alexsmobs:animal_dictionary":1},"minecraft:broken":{"minecraft:stone_axe":1},"minecraft:killed_by":{"minecraft:evoker":1,"minecraft:vex":1},"minecraft:killed":{"minecraft:vex":1,"born_in_chaos_v1:baby_skeleton":1,"minecraft:sheep":5,"minecraft:skeleton":5,"minecraft:pillager":1,"alexsmobs:banana_slug":2,"minecraft:zombie":3,"iceandfire:ghost":2,"species:bewereager":1,"species:wicked":1},"minecraft:crafted":{"minecraft:oak_planks":20,"minecraft:melon_slice":2,"minecraft:crafting_table":2,"minecraft:spruce_planks":4,"minecraft:iron_sword":2,"minecraft:blue_bed":1,"minecraft:bread":150,"minecraft:blue_dye":1,"biomesoplenty:fir_planks":40,"minecraft:melon_seeds":2,"minecraft:stick":4,"minecraft:iron_pickaxe":1,"minecraft:white_bed":1,"minecraft:wheat":504},"minecraft:custom":{"minecraft:mob_kills":29,"minecraft:open_barrel":19,"minecraft:interact_with_crafting_table":6,"minecraft:bell_ring":2,"minecraft:damage_dealt_resisted":12,"minecraft:eat_cake_slice":16,"minecraft:time_since_death":37950,"minecraft:sleep_in_bed":2,"minecraft:climb_one_cm":24874,"minecraft:time_since_rest":5465,"minecraft:sprint_one_cm":124398,"minecraft:damage_taken":7397,"minecraft:walk_one_cm":392772,"minecraft:drop":67,"minecraft:damage_dealt":4441,"minecraft:fly_one_cm":183273,"minecraft:open_chest":31,"minecraft:crouch_one_cm":4275,"minecraft:play_time":106823,"minecraft:deaths":19,"minecraft:sneak_time":1092,"minecraft:walk_under_water_one_cm":5719,"minecraft:jump":1474,"minecraft:interact_with_blast_furnace":1,"minecraft:walk_on_water_one_cm":6718,"minecraft:total_world_time":106823,"minecraft:fall_one_cm":59154,"minecraft:horse_one_cm":2515}},"DataVersion":3465}