{"stats":{"minecraft:picked_up":{"minecraft:fishing_rod":1,"minecraft:crafting_table":1,"minecraft:iron_chestplate":2,"minecraft:ladder":5,"croptopia:peach":1,"minecraft:leather_leggings":2,"minecraft:lead":1,"gravestone:obituary":2,"minecraft:shield":1,"minecraft:cornflower":1,"minecraft:iron_axe":1,"minecraft:flint_and_steel":1,"minecraft:iron_leggings":2,"minecraft:armor_stand":4,"minecraft:item_frame":16,"minecraft:iron_shovel":1,"minecraft:zombie_head":1,"minecraft:cyan_carpet":1,"minecraft:spruce_planks":1,"minecraft:player_head":3,"minecraft:calcite":2,"minecraft:poppy":1,"minecraft:iron_pickaxe":1,"minecraft:coal_block":9,"minecraft:iron_boots":2,"knightlib:small_essence":6,"minecraft:stick":13,"born_in_chaos_v1:pieceofdarkmetal":5,"minecraft:arrow":15,"minecraft:honey_bottle":1,"minecraft:rotten_flesh":6,"species:werefang":3,"minecraft:hay_block":56,"alexsdelight:raw_bison":2,"butchersdelightfoods:sheeprack":3,"minecraft:oak_chest_boat":1,"minecraft:mutton":2,"minecraft:skeleton_skull":1,"minecraft:white_wool":6,"minecraft:stripped_oak_log":4,"minecraft:leather_chestplate":2,"butchersdelightfoods:beeftenderloin":2,"minecraft:water_bucket":1,"minecraft:leather":1,"biomesoplenty:fir_log":10,"alexsmobs:bison_fur":1,"minecraft:mushroom_stew":6,"minecraft:oak_log":10,"species:wicked_wax":3,"minecraft:blue_bed":2,"minecraft:dirt":51,"minecraft:leather_boots":2,"minecraft:bone":22,"minecraft:bow":1,"delightful:mini_melon":1,"minecraft:wheat_seeds":4,"minecraft:iron_ingot":1,"minecraft:dark_oak_sign":28,"minecraft:iron_sword":1,"minecraft:oak_planks":8,"knightlib:great_essence":7,"minecraft:oak_slab":1,"minecraft:cooked_porkchop":3,"minecraft:stone_brick_slab":1,"minecraft:brush":1,"minecraft:dandelion":1,"minecraft:spyglass":1,"delightful:salmonberries":1,"minecraft:spruce_log":1,"minecraft:iron_hoe":1,"iceandfire:lectern":1,"waystones:waystone":1,"minecraft:iron_helmet":2,"croptopia:orange":6,"minecraft:golden_apple":1,"alexsmobs:banana_slug_slime":3,"butchersdelightfoods:sheepshank":1,"minecraft:coal":18},"minecraft:broken":{"minecraft:stone_axe":1},"minecraft:crafted":{"minecraft:oak_planks":56,"minecraft:melon_slice":2,"minecraft:melon_seeds":2,"minecraft:chest":3,"minecraft:wheat":504,"minecraft:crafting_table":5,"minecraft:spruce_planks":4,"minecraft:iron_sword":2,"minecraft:blue_bed":1,"minecraft:bread":150,"minecraft:blue_dye":1,"biomesoplenty:fir_planks":40,"minecraft:stick":4,"minecraft:iron_pickaxe":1,"minecraft:white_bed":1},"minecraft:used":{"minecraft:ladder":5,"minecraft:chest":3,"minecraft:spruce_planks":4,"minecraft:iron_sword":51,"butchersdelightfoods:beeftenderloin":1,"minecraft:player_head":1,"minecraft:rotten_flesh":2,"minecraft:dirt":51,"minecraft:mutton":1,"minecraft:chainmail_chestplate":1,"minecraft:carrot":2,"minecraft:diamond_helmet":1,"minecraft:obsidian":2,"butchersdelightfoods:sheeprack":1,"minecraft:iron_helmet":1,"minecraft:sweet_berries":11,"minecraft:oak_planks":4,"biomesoplenty:fir_planks":36,"minecraft:blue_bed":2,"minecraft:white_wool":1,"delightful:salmonberries":1,"minecraft:oak_slab":1,"minecraft:crafting_table":5,"minecraft:mushroom_stew":4,"croptopia:orange":6,"minecraft:apple":6,"minecraft:bread":11,"minecraft:iron_pickaxe":38,"minecraft:cyan_carpet":1,"minecraft:stone_axe":52,"minecraft:coal_block":5,"minecraft:chainmail_boots":1,"minecraft:cooked_porkchop":4,"alexsmobs:animal_dictionary":1},"minecraft:killed":{"minecraft:vex":1,"minecraft:skeleton":5,"alexsmobs:banana_slug":2,"born_in_chaos_v1:baby_skeleton":1,"minecraft:sheep":5,"minecraft:pillager":1,"minecraft:zombie":3,"iceandfire:ghost":2,"species:bewereager":1,"species:wicked":1},"minecraft:dropped":{"minecraft:iron_sword":1,"minecraft:wheat_seeds":4,"minecraft:cooked_porkchop":4,"alexsmobs:bison_fur":1,"minecraft:grass":2,"minecraft:zombie_head":1,"gravestone:obituary":17,"minecraft:white_wool":1,"minecraft:bone":2,"minecraft:dark_oak_sign":28,"minecraft:bowl":1,"minecraft:rotten_flesh":2,"minecraft:poppy":1,"butchersdelightfoods:beeftenderloin":1,"croptopia:peach":1,"minecraft:calcite":2},"minecraft:mined":{"minecraft:spruce_planks":1,"minecraft:red_nether_bricks":1,"minecraft:ladder":5,"gravestone:gravestone":11,"minecraft:grass_block":17,"minecraft:decorated_pot":1,"iceandfire:lectern":1,"minecraft:coal_block":9,"minecraft:spawner":1,"minecraft:hay_block":56,"minecraft:dark_oak_trapdoor":2,"minecraft:stripped_oak_log":4,"minecraft:smooth_quartz_stairs":1,"minecraft:player_head":1,"minecraft:waxed_cut_copper_stairs":1,"minecraft:podzol":1,"minecraft:oak_slab":1,"minecraft:brown_carpet":6,"minecraft:stone_brick_slab":2,"minecraft:dandelion":1,"minecraft:crafting_table":1,"minecraft:cornflower":1,"minecraft:calcite":2,"minecraft:poppy":1,"minecraft:nether_brick_slab":1,"minecraft:glass":6,"delightful:wild_salmonberries":1,"minecraft:blue_bed":2,"minecraft:skeleton_skull":1,"minecraft:spruce_log":1,"biomesoplenty:fir_log":9,"minecraft:grass":37,"minecraft:coal_ore":18,"minecraft:oak_log":9,"delightful:mini_melon":1,"biomesoplenty:fir_leaves":5,"minecraft:zombie_head":1,"minecraft:cyan_carpet":1,"minecraft:dirt":13,"minecraft:oak_leaves":1,"minecraft:fern":27},"minecraft:custom":{"minecraft:mob_kills":29,"minecraft:interact_with_crafting_table":8,"minecraft:open_barrel":19,"minecraft:bell_ring":2,"minecraft:damage_dealt_resisted":12,"minecraft:eat_cake_slice":16,"minecraft:leave_game":2,"minecraft:time_since_death":62981,"minecraft:climb_one_cm":27026,"minecraft:sprint_one_cm":135796,"minecraft:walk_one_cm":460217,"minecraft:drop":67,"minecraft:talked_to_villager":4,"minecraft:play_time":131854,"minecraft:deaths":19,"minecraft:sneak_time":1305,"minecraft:walk_under_water_one_cm":5719,"minecraft:jump":1530,"minecraft:interact_with_blast_furnace":1,"minecraft:walk_on_water_one_cm":6824,"minecraft:total_world_time":131854,"minecraft:sleep_in_bed":2,"minecraft:time_since_rest":30496,"minecraft:damage_taken":7421,"minecraft:damage_dealt":4441,"minecraft:fly_one_cm":189404,"minecraft:open_chest":62,"minecraft:crouch_one_cm":5167,"minecraft:fall_one_cm":59845,"minecraft:horse_one_cm":21630},"minecraft:killed_by":{"minecraft:evoker":1,"minecraft:vex":1}},"DataVersion":3465}