{"stats":{"minecraft:dropped":{"minecraft:wheat_seeds":4,"minecraft:cooked_porkchop":4,"minecraft:rotten_flesh":2,"minecraft:zombie_head":1,"gravestone:obituary":17},"minecraft:mined":{"minecraft:podzol":1,"minecraft:spruce_planks":1,"minecraft:dandelion":1,"minecraft:crafting_table":1,"minecraft:cornflower":1,"gravestone:gravestone":11,"minecraft:ladder":2,"minecraft:grass_block":17,"minecraft:poppy":1,"delightful:wild_salmonberries":1,"minecraft:blue_bed":2,"minecraft:skeleton_skull":1,"minecraft:hay_block":6,"minecraft:dark_oak_trapdoor":1,"minecraft:spruce_log":1,"biomesoplenty:fir_log":9,"minecraft:grass":35,"minecraft:oak_log":4,"biomesoplenty:fir_leaves":5,"minecraft:zombie_head":1,"minecraft:cyan_carpet":1,"minecraft:dirt":13,"minecraft:player_head":1,"minecraft:fern":26},"minecraft:picked_up":{"minecraft:crafting_table":1,"minecraft:ladder":5,"biomesoplenty:fir_log":10,"minecraft:oak_log":5,"gravestone:obituary":2,"species:wicked_wax":2,"minecraft:cornflower":1,"minecraft:dirt":51,"minecraft:blue_bed":2,"minecraft:zombie_head":1,"minecraft:bone":9,"minecraft:cyan_carpet":1,"minecraft:wheat_seeds":4,"minecraft:spruce_planks":1,"minecraft:iron_ingot":1,"minecraft:player_head":1,"minecraft:poppy":1,"knightlib:great_essence":5,"knightlib:small_essence":5,"minecraft:cooked_porkchop":3,"minecraft:dandelion":1,"delightful:salmonberries":1,"minecraft:spruce_log":1,"born_in_chaos_v1:pieceofdarkmetal":5,"minecraft:honey_bottle":1,"minecraft:arrow":6,"minecraft:rotten_flesh":4,"species:werefang":3,"minecraft:hay_block":6,"butchersdelightfoods:sheeprack":2,"alexsmobs:banana_slug_slime":3,"butchersdelightfoods:sheepshank":1,"minecraft:mutton":2,"minecraft:skeleton_skull":1,"minecraft:white_wool":5},"minecraft:used":{"minecraft:oak_planks":4,"minecraft:ladder":5,"minecraft:spruce_planks":4,"biomesoplenty:fir_planks":36,"minecraft:blue_bed":2,"minecraft:player_head":1,"minecraft:rotten_flesh":2,"minecraft:white_wool":1,"delightful:salmonberries":1,"minecraft:dirt":51,"minecraft:mutton":1,"minecraft:crafting_table":2,"minecraft:mushroom_stew":1,"minecraft:chainmail_chestplate":1,"minecraft:carrot":2,"minecraft:diamond_helmet":1,"minecraft:bread":3,"minecraft:cyan_carpet":1,"minecraft:stone_axe":52,"minecraft:sweet_berries":11,"minecraft:chainmail_boots":1,"minecraft:cooked_porkchop":4,"alexsmobs:animal_dictionary":1},"minecraft:broken":{"minecraft:stone_axe":1},"minecraft:killed_by":{"minecraft:evoker":1,"minecraft:vex":1},"minecraft:killed":{"minecraft:vex":1,"minecraft:sheep":4,"minecraft:skeleton":5,"minecraft:pillager":1,"alexsmobs:banana_slug":2,"minecraft:zombie":2,"species:bewereager":1,"species:wicked":1},"minecraft:crafted":{"minecraft:oak_planks":20,"minecraft:crafting_table":2,"minecraft:spruce_planks":4,"minecraft:blue_bed":1,"minecraft:blue_dye":1,"biomesoplenty:fir_planks":40,"minecraft:stick":4,"minecraft:white_bed":1,"minecraft:wheat":54},"minecraft:custom":{"minecraft:mob_kills":21,"minecraft:open_barrel":8,"minecraft:interact_with_crafting_table":1,"minecraft:damage_dealt_resisted":12,"minecraft:eat_cake_slice":13,"minecraft:time_since_death":1950,"minecraft:climb_one_cm":23174,"minecraft:time_since_rest":1979,"minecraft:sprint_one_cm":59963,"minecraft:damage_taken":6526,"minecraft:walk_one_cm":225310,"minecraft:drop":28,"minecraft:damage_dealt":2970,"minecraft:fly_one_cm":95769,"minecraft:open_chest":20,"minecraft:crouch_one_cm":3823,"minecraft:play_time":70823,"minecraft:deaths":19,"minecraft:sneak_time":994,"minecraft:walk_under_water_one_cm":5199,"minecraft:jump":951,"minecraft:walk_on_water_one_cm":3942,"minecraft:total_world_time":70823,"minecraft:fall_one_cm":42686}},"DataVersion":3465}