{"stats":{"minecraft:picked_up":{"minecraft:iron_chestplate":2,"minecraft:lead":3,"minecraft:string":1,"minecraft:iron_leggings":2,"minecraft:armor_stand":4,"minecraft:zombie_head":1,"minecraft:spruce_planks":1,"minecraft:calcite":2,"minecraft:iron_pickaxe":1,"minecraft:coal_block":13,"minecraft:iron_boots":2,"iceandfire:pixie_dust":1,"minecraft:stick":18,"born_in_chaos_v1:shattered_skull":1,"minecraft:torch":2,"minecraft:honey_bottle":1,"minecraft:rotten_flesh":30,"species:werefang":3,"alexsdelight:raw_bison":2,"minecraft:carved_pumpkin":1,"minecraft:iron_bars":1,"minecraft:cobblestone":4,"minecraft:birch_log":15,"minecraft:leather_chestplate":3,"butchersdelightfoods:beeftenderloin":2,"biomeswevegone:palm_log":8,"born_in_chaos_v1:spiritual_dust":6,"minecraft:water_bucket":1,"biomesoplenty:fir_log":10,"alexsmobs:bison_fur":1,"biomeswevegone:rainbow_eucalyptus_log":1,"minecraft:dirt":56,"minecraft:leather_boots":2,"born_in_chaos_v1:marigolds":3,"minecraft:mangrove_fence":1,"minecraft:bone":32,"minecraft:bow":1,"delightful:mini_melon":1,"minecraft:wheat_seeds":16,"regions_unexplored:pink_bioshroom":2,"minecraft:dark_oak_sign":28,"minecraft:mossy_stone_bricks":1,"minecraft:bamboo":429,"minecraft:oak_planks":8,"graveyard:fire_brazier":1,"minecraft:cooked_porkchop":3,"iceandfire:pixie_house_birch":1,"minecraft:iron_hoe":1,"minecraft:lever":1,"iceandfire:lectern":1,"regions_unexplored:tall_pink_bioshroom":1,"waystones:waystone":2,"regions_unexplored:clover":13,"minecraft:golden_apple":2,"minecraft:bread":2,"minecraft:emerald":6,"alexsmobs:banana_slug_slime":3,"alexsmobs:maggot":1,"butchersdelightfoods:sheepshank":1,"minecraft:dark_oak_fence":1,"minecraft:crimson_roots":2,"iceandfire:raw_silver":1,"minecraft:fishing_rod":1,"minecraft:crafting_table":1,"minecraft:ladder":5,"croptopia:peach":1,"minecraft:leather_leggings":2,"regions_unexplored:blue_bioshroom":2,"gravestone:obituary":4,"minecraft:shield":1,"minecraft:cornflower":1,"minecraft:iron_axe":1,"minecraft:flint_and_steel":1,"born_in_chaos_v1:intoxicating_decoction":2,"minecraft:item_frame":16,"minecraft:iron_shovel":1,"minecraft:cyan_carpet":1,"minecraft:player_head":3,"minecraft:poppy":1,"minecraft:spruce_slab":4,"knightlib:small_essence":9,"minecraft:egg":1,"born_in_chaos_v1:pieceofdarkmetal":6,"minecraft:carrot":1,"minecraft:redstone":3,"minecraft:dark_oak_planks":16,"minecraft:arrow":26,"minecraft:hay_block":56,"butchersdelightfoods:sheeprack":3,"minecraft:gold_ingot":4,"minecraft:oak_chest_boat":1,"relics:reflection_necklace":4,"minecraft:mutton":2,"minecraft:skeleton_skull":1,"minecraft:white_wool":6,"minecraft:stripped_oak_log":4,"born_in_chaos_v1:corpse_maggot":2,"minecraft:leather":1,"minecraft:birch_planks":64,"minecraft:mushroom_stew":6,"minecraft:oak_log":12,"species:wicked_wax":3,"minecraft:gunpowder":1,"minecraft:blue_bed":2,"minecraft:apple":1,"minecraft:stone_bricks":1,"minecraft:kelp":18,"minecraft:spruce_wood":1,"minecraft:iron_ingot":1,"minecraft:glass_bottle":4,"minecraft:iron_sword":1,"knightlib:great_essence":11,"minecraft:oak_slab":1,"croptopia:starfruit":1,"minecraft:stone_brick_slab":1,"minecraft:brush":2,"minecraft:dandelion":1,"minecraft:spyglass":1,"biomeswevegone:witch_hazel_log":1,"minecraft:spruce_log":1,"delightful:salmonberries":1,"minecraft:white_bed":1,"minecraft:spider_eye":2,"minecraft:iron_helmet":2,"croptopia:orange":6,"minecraft:stripped_dark_oak_log":3,"minecraft:coal":18},"minecraft:broken":{"minecraft:stone_axe":1,"minecraft:iron_sword":1},"minecraft:crafted":{"minecraft:oak_planks":56,"minecraft:melon_slice":2,"biomeswevegone:rainbow_eucalyptus_planks":4,"biomeswevegone:palm_planks":32,"minecraft:melon_seeds":2,"minecraft:chest":3,"biomeswevegone:palm_crafting_table":1,"minecraft:crafting_table":5,"minecraft:spruce_planks":4,"minecraft:birch_planks":60,"biomesoplenty:fir_planks":40,"minecraft:stick":4,"minecraft:iron_pickaxe":1,"biomeswevegone:witch_hazel_planks":4,"biomeswevegone:palm_boat":2,"minecraft:dark_oak_planks":8,"minecraft:wheat":504,"minecraft:iron_sword":2,"minecraft:blue_bed":1,"minecraft:bread":150,"minecraft:blue_dye":1,"minecraft:white_bed":1},"minecraft:killed":{"born_in_chaos_v1:zombie_clown":1,"minecraft:witch":9,"minecraft:spider":3,"minecraft:skeleton":17,"alexsmobs:banana_slug":2,"minecraft:zombie_villager":1,"minecraft:sheep":5,"minecraft:pillager":1,"minecraft:zombie":6,"born_in_chaos_v1:corpse_fly":1,"species:bewereager":1,"minecraft:vex":1,"born_in_chaos_v1:zombie_bruiser":1,"minecraft:phantom":1,"born_in_chaos_v1:maggot":5,"born_in_chaos_v1:spirit_guide":1,"minecraft:husk":6,"born_in_chaos_v1:baby_skeleton":1,"iceandfire:ghost":2,"species:wicked":2},"minecraft:used":{"biomeswevegone:palm_crafting_table":1,"minecraft:iron_shovel":6,"minecraft:spruce_slab":4,"minecraft:ladder":5,"minecraft:chest":3,"minecraft:shield":41,"minecraft:iron_sword":290,"butchersdelightfoods:beeftenderloin":1,"minecraft:player_head":1,"minecraft:rotten_flesh":2,"minecraft:mutton":1,"minecraft:carrot":2,"minecraft:obsidian":2,"biomeswevegone:rainbow_eucalyptus_planks":4,"minecraft:iron_helmet":1,"biomeswevegone:palm_planks":17,"minecraft:bow":26,"minecraft:sweet_berries":11,"minecraft:egg":1,"minecraft:potato":4,"biomeswevegone:witch_hazel_planks":4,"minecraft:oak_planks":4,"minecraft:leather_chestplate":1,"biomesoplenty:fir_planks":36,"minecraft:blue_bed":2,"minecraft:white_wool":1,"minecraft:golden_apple":6,"minecraft:mushroom_stew":4,"croptopia:orange":6,"minecraft:firework_rocket":1,"minecraft:bread":62,"minecraft:cyan_carpet":1,"born_in_chaos_v1:marigolds":3,"minecraft:coal_block":5,"minecraft:chainmail_boots":1,"minecraft:dark_oak_fence":1,"minecraft:iron_bars":1,"croptopia:starfruit":1,"minecraft:spruce_planks":4,"minecraft:dirt":56,"minecraft:spyglass":7,"minecraft:chainmail_chestplate":1,"minecraft:diamond_helmet":1,"minecraft:dark_oak_planks":9,"butchersdelightfoods:sheeprack":1,"minecraft:iron_axe":232,"minecraft:bamboo":392,"minecraft:birch_planks":97,"delightful:salmonberries":1,"minecraft:oak_slab":1,"minecraft:crafting_table":5,"minecraft:cake":1,"minecraft:oak_log":2,"minecraft:apple":21,"minecraft:iron_pickaxe":72,"minecraft:stone_axe":52,"minecraft:fishing_rod":2,"minecraft:potion":1,"biomeswevegone:palm_boat":2,"minecraft:cooked_porkchop":4,"alexsmobs:animal_dictionary":1},"minecraft:dropped":{"minecraft:iron_sword":1,"knightlib:small_essence":2,"minecraft:glass_bottle":4,"minecraft:cooked_porkchop":4,"born_in_chaos_v1:pieceofdarkmetal":1,"alexsmobs:bison_fur":1,"minecraft:grass":2,"minecraft:brush":1,"gravestone:obituary":24,"minecraft:glistering_melon_slice":40,"minecraft:dark_oak_planks":15,"minecraft:white_wool":1,"minecraft:bone":3,"minecraft:rotten_flesh":26,"minecraft:mangrove_fence":1,"minecraft:poppy":1,"minecraft:leather_chestplate":1,"butchersdelightfoods:beeftenderloin":1,"born_in_chaos_v1:corpse_maggot":2,"iceandfire:pixie_dust":1,"minecraft:enchanted_book":5,"minecraft:iron_ingot":6,"minecraft:bread":150,"born_in_chaos_v1:intoxicating_decoction":2,"minecraft:wheat_seeds":13,"born_in_chaos_v1:shattered_skull":1,"minecraft:coal_block":4,"knightlib:great_essence":3,"minecraft:zombie_head":1,"minecraft:redstone":3,"alexsmobs:maggot":1,"minecraft:dark_oak_sign":28,"minecraft:bowl":1,"regions_unexplored:clover":13,"born_in_chaos_v1:spiritual_dust":6,"minecraft:mossy_stone_bricks":1,"minecraft:carved_pumpkin":1,"minecraft:stone_bricks":1,"croptopia:peach":1,"minecraft:magma_cream":3,"minecraft:calcite":2},"minecraft:mined":{"minecraft:dark_oak_planks":7,"minecraft:spruce_planks":1,"minecraft:white_bed":1,"minecraft:red_nether_bricks":1,"minecraft:carved_pumpkin":1,"minecraft:spruce_trapdoor":1,"minecraft:grass_block":22,"minecraft:mangrove_fence":1,"iceandfire:lectern":1,"minecraft:coal_block":9,"regions_unexplored:blue_bioshroom":2,"minecraft:spawner":6,"minecraft:dark_oak_trapdoor":2,"born_in_chaos_v1:black_argillite_brick_stairs":7,"minecraft:pumpkin":1,"minecraft:black_carpet":1,"minecraft:iron_bars":1,"minecraft:oak_stairs":1,"minecraft:spruce_wood":2,"minecraft:player_head":1,"minecraft:spruce_slab":4,"minecraft:waxed_cut_copper_stairs":1,"biomeswevegone:witch_hazel_log":1,"biomeswevegone:palm_log":8,"minecraft:kelp_plant":2,"graveyard:fire_brazier":1,"minecraft:poppy":1,"minecraft:calcite":2,"iceandfire:ghost_chest":1,"minecraft:nether_brick_slab":1,"minecraft:mushroom_stem":1,"minecraft:glass":6,"minecraft:cobblestone":5,"minecraft:skeleton_skull":1,"minecraft:birch_log":15,"biomesoplenty:fir_log":9,"born_in_chaos_v1:black_argillite_brick":1,"minecraft:grass":70,"minecraft:oak_log":9,"delightful:mini_melon":1,"minecraft:dirt":13,"regions_unexplored:clover":6,"minecraft:oak_leaves":1,"biomeswevegone:white_anemone":1,"regions_unexplored:tall_pink_bioshroom":1,"iceandfire:silver_ore":1,"minecraft:dark_oak_leaves":1,"iceandfire:pixie_house_birch":1,"gravestone:gravestone":21,"minecraft:ladder":5,"minecraft:dark_oak_fence":3,"minecraft:spruce_fence":1,"minecraft:decorated_pot":1,"minecraft:moss_block":3,"minecraft:kelp":1,"minecraft:hay_block":56,"minecraft:black_stained_glass_pane":2,"minecraft:bookshelf":2,"minecraft:vine":3,"minecraft:stripped_oak_log":4,"minecraft:smooth_quartz_stairs":1,"regions_unexplored:medium_grass":3,"minecraft:bamboo":68,"minecraft:podzol":1,"minecraft:oak_slab":1,"minecraft:stripped_dark_oak_log":3,"minecraft:brown_carpet":6,"regions_unexplored:pink_bioshroom":3,"minecraft:stone_brick_slab":2,"minecraft:dandelion":1,"minecraft:crafting_table":1,"minecraft:cornflower":1,"minecraft:tall_grass":3,"born_in_chaos_v1:chipped_black_argillite_brick":1,"delightful:wild_salmonberries":1,"minecraft:blue_bed":3,"minecraft:black_stained_glass":2,"minecraft:birch_planks":64,"minecraft:spruce_log":1,"minecraft:coal_ore":18,"biomesoplenty:fir_leaves":5,"biomesoplenty:redwood_leaves":1,"minecraft:zombie_head":1,"minecraft:cyan_carpet":1,"minecraft:cobweb":15,"minecraft:cracked_stone_bricks":1,"minecraft:stone_bricks":1,"minecraft:mossy_stone_bricks":1,"biomeswevegone:rainbow_eucalyptus_log":1,"minecraft:fern":35},"minecraft:custom":{"minecraft:interact_with_crafting_table":10,"minecraft:open_barrel":63,"minecraft:bell_ring":2,"minecraft:eat_cake_slice":21,"minecraft:leave_game":7,"minecraft:time_since_death":73367,"minecraft:damage_resisted":275,"minecraft:sprint_one_cm":367268,"minecraft:damage_blocked_by_shield":830,"minecraft:drop":145,"minecraft:talked_to_villager":5,"minecraft:play_time":325585,"minecraft:deaths":32,"minecraft:jump":3973,"minecraft:walk_on_water_one_cm":39985,"minecraft:sleep_in_bed":7,"minecraft:damage_dealt":15341,"minecraft:player_kills":1,"minecraft:crouch_one_cm":11667,"minecraft:horse_one_cm":593747,"minecraft:mob_kills":75,"minecraft:damage_dealt_resisted":137,"minecraft:climb_one_cm":62566,"minecraft:walk_one_cm":1146917,"minecraft:sneak_time":4796,"minecraft:walk_under_water_one_cm":22051,"minecraft:boat_one_cm":55771,"minecraft:interact_with_blast_furnace":1,"minecraft:total_world_time":325585,"minecraft:time_since_rest":73398,"minecraft:damage_taken":15456,"minecraft:damage_absorbed":248,"minecraft:swim_one_cm":16663,"minecraft:fly_one_cm":386243,"minecraft:open_chest":89,"minecraft:fall_one_cm":123948},"minecraft:killed_by":{"minecraft:evoker":1,"minecraft:vex":1}},"DataVersion":3465}