{"stats":{"minecraft:dropped":{"minecraft:wheat_seeds":4,"minecraft:cooked_porkchop":4,"minecraft:rotten_flesh":2,"gravestone:obituary":16},"minecraft:mined":{"minecraft:podzol":1,"minecraft:spruce_planks":1,"minecraft:dandelion":1,"minecraft:cornflower":1,"gravestone:gravestone":10,"minecraft:ladder":2,"minecraft:grass_block":17,"minecraft:poppy":1,"delightful:wild_salmonberries":1,"minecraft:blue_bed":2,"minecraft:skeleton_skull":1,"minecraft:hay_block":6,"minecraft:spruce_log":1,"minecraft:grass":31,"minecraft:oak_log":4,"biomesoplenty:fir_leaves":1,"minecraft:zombie_head":1,"minecraft:dirt":13,"minecraft:player_head":1,"minecraft:fern":25},"minecraft:picked_up":{"minecraft:ladder":5,"biomesoplenty:fir_log":2,"minecraft:oak_log":5,"gravestone:obituary":1,"species:wicked_wax":2,"minecraft:cornflower":1,"minecraft:dirt":51,"minecraft:blue_bed":2,"minecraft:zombie_head":1,"minecraft:bone":4,"minecraft:wheat_seeds":4,"minecraft:spruce_planks":1,"minecraft:iron_ingot":1,"minecraft:player_head":1,"minecraft:poppy":1,"knightlib:great_essence":5,"knightlib:small_essence":5,"minecraft:cooked_porkchop":3,"minecraft:dandelion":1,"delightful:salmonberries":1,"minecraft:spruce_log":1,"born_in_chaos_v1:pieceofdarkmetal":5,"minecraft:arrow":1,"minecraft:rotten_flesh":4,"species:werefang":3,"minecraft:hay_block":6,"butchersdelightfoods:sheeprack":2,"alexsmobs:banana_slug_slime":3,"butchersdelightfoods:sheepshank":1,"minecraft:mutton":1,"minecraft:skeleton_skull":1,"minecraft:white_wool":4},"minecraft:used":{"minecraft:oak_planks":4,"minecraft:ladder":5,"minecraft:spruce_planks":4,"biomesoplenty:fir_planks":1,"minecraft:blue_bed":1,"minecraft:player_head":1,"minecraft:rotten_flesh":2,"delightful:salmonberries":1,"minecraft:dirt":51,"minecraft:bread":3,"minecraft:stone_axe":8,"minecraft:sweet_berries":10,"minecraft:cooked_porkchop":2,"alexsmobs:animal_dictionary":1},"minecraft:killed_by":{"minecraft:evoker":1,"minecraft:vex":1},"minecraft:killed":{"minecraft:vex":1,"minecraft:sheep":3,"minecraft:pillager":1,"alexsmobs:banana_slug":2,"minecraft:zombie":2,"species:bewereager":1,"species:wicked":1},"minecraft:crafted":{"minecraft:oak_planks":20,"minecraft:crafting_table":1,"minecraft:spruce_planks":4,"minecraft:blue_bed":1,"minecraft:blue_dye":1,"biomesoplenty:fir_planks":8,"minecraft:stick":4,"minecraft:white_bed":1,"minecraft:wheat":54},"minecraft:custom":{"minecraft:mob_kills":15,"minecraft:open_barrel":1,"minecraft:interact_with_crafting_table":1,"minecraft:damage_dealt_resisted":12,"minecraft:time_since_death":933,"minecraft:climb_one_cm":23174,"minecraft:time_since_rest":963,"minecraft:sprint_one_cm":51756,"minecraft:damage_taken":5928,"minecraft:walk_one_cm":167672,"minecraft:drop":26,"minecraft:damage_dealt":1977,"minecraft:fly_one_cm":84467,"minecraft:open_chest":17,"minecraft:crouch_one_cm":258,"minecraft:play_time":58823,"minecraft:deaths":18,"minecraft:sneak_time":43,"minecraft:walk_under_water_one_cm":5199,"minecraft:jump":809,"minecraft:walk_on_water_one_cm":3942,"minecraft:total_world_time":58823,"minecraft:fall_one_cm":41941}},"DataVersion":3465}