{"stats":{"minecraft:custom":{"minecraft:jump":4,"minecraft:time_since_rest":5246,"minecraft:damage_dealt":10,"minecraft:crouch_one_cm":84,"minecraft:sprint_one_cm":1539,"minecraft:play_time":5246,"minecraft:damage_taken":80,"minecraft:time_since_death":5246,"minecraft:walk_one_cm":6304,"minecraft:sneak_time":11,"minecraft:total_world_time":5246,"minecraft:fall_one_cm":1778,"minecraft:fly_one_cm":1202},"minecraft:used":{"alexsmobs:animal_dictionary":1},"minecraft:mined":{"minecraft:grass":1,"minecraft:fern":1}},"DataVersion":3465}