{"stats":{"minecraft:dropped":{"minecraft:bread":150,"minecraft:wheat_seeds":5,"minecraft:iron_ingot":6,"born_in_chaos_v1:intoxicating_decoction":2,"knightlib:small_essence":1,"minecraft:iron_sword":1,"minecraft:glass_bottle":4,"minecraft:cooked_porkchop":4,"born_in_chaos_v1:pieceofdarkmetal":1,"alexsmobs:bison_fur":1,"minecraft:coal_block":4,"minecraft:grass":2,"minecraft:zombie_head":1,"gravestone:obituary":22,"minecraft:dark_oak_planks":15,"minecraft:white_wool":1,"minecraft:bone":3,"minecraft:redstone":3,"alexsmobs:maggot":1,"minecraft:bowl":1,"minecraft:dark_oak_sign":28,"minecraft:rotten_flesh":21,"regions_unexplored:clover":13,"born_in_chaos_v1:spiritual_dust":3,"minecraft:mangrove_fence":1,"minecraft:poppy":1,"minecraft:leather_chestplate":1,"butchersdelightfoods:beeftenderloin":1,"born_in_chaos_v1:corpse_maggot":2,"iceandfire:pixie_dust":1,"minecraft:magma_cream":3,"croptopia:peach":1,"minecraft:calcite":2},"minecraft:mined":{"minecraft:dark_oak_planks":7,"regions_unexplored:tall_pink_bioshroom":1,"minecraft:spruce_planks":1,"minecraft:white_bed":1,"iceandfire:silver_ore":1,"minecraft:dark_oak_leaves":1,"iceandfire:pixie_house_birch":1,"minecraft:red_nether_bricks":1,"minecraft:ladder":5,"gravestone:gravestone":20,"minecraft:dark_oak_fence":3,"minecraft:grass_block":20,"minecraft:decorated_pot":1,"minecraft:mangrove_fence":1,"iceandfire:lectern":1,"minecraft:coal_block":9,"minecraft:kelp":1,"minecraft:moss_block":1,"regions_unexplored:blue_bioshroom":2,"minecraft:spawner":3,"minecraft:hay_block":56,"minecraft:black_stained_glass_pane":2,"minecraft:dark_oak_trapdoor":2,"born_in_chaos_v1:black_argillite_brick_stairs":7,"minecraft:pumpkin":1,"minecraft:black_carpet":1,"minecraft:bookshelf":2,"minecraft:oak_stairs":1,"minecraft:iron_bars":1,"minecraft:stripped_oak_log":4,"regions_unexplored:medium_grass":3,"minecraft:smooth_quartz_stairs":1,"minecraft:spruce_wood":2,"minecraft:player_head":1,"minecraft:spruce_slab":1,"minecraft:waxed_cut_copper_stairs":1,"minecraft:podzol":1,"minecraft:oak_slab":1,"biomeswevegone:palm_log":8,"minecraft:kelp_plant":2,"regions_unexplored:pink_bioshroom":3,"graveyard:fire_brazier":1,"minecraft:brown_carpet":6,"minecraft:stripped_dark_oak_log":3,"minecraft:stone_brick_slab":2,"minecraft:dandelion":1,"minecraft:crafting_table":1,"minecraft:cornflower":1,"minecraft:calcite":2,"minecraft:poppy":1,"minecraft:nether_brick_slab":1,"minecraft:mushroom_stem":1,"minecraft:glass":6,"minecraft:cobblestone":5,"born_in_chaos_v1:chipped_black_argillite_brick":1,"delightful:wild_salmonberries":1,"minecraft:blue_bed":3,"minecraft:skeleton_skull":1,"minecraft:black_stained_glass":2,"minecraft:spruce_log":1,"born_in_chaos_v1:black_argillite_brick":1,"biomesoplenty:fir_log":9,"minecraft:grass":48,"minecraft:coal_ore":18,"minecraft:oak_log":9,"delightful:mini_melon":1,"biomesoplenty:fir_leaves":5,"biomesoplenty:redwood_leaves":1,"minecraft:zombie_head":1,"minecraft:cyan_carpet":1,"minecraft:dirt":13,"minecraft:cobweb":15,"regions_unexplored:clover":6,"minecraft:cracked_stone_bricks":1,"minecraft:oak_leaves":1,"minecraft:fern":32},"minecraft:picked_up":{"minecraft:fishing_rod":1,"minecraft:iron_chestplate":2,"minecraft:crafting_table":1,"minecraft:ladder":5,"croptopia:peach":1,"minecraft:leather_leggings":2,"minecraft:lead":3,"regions_unexplored:blue_bioshroom":2,"gravestone:obituary":3,"minecraft:shield":1,"minecraft:cornflower":1,"minecraft:string":1,"minecraft:iron_axe":1,"minecraft:iron_leggings":2,"minecraft:flint_and_steel":1,"minecraft:armor_stand":4,"born_in_chaos_v1:intoxicating_decoction":2,"minecraft:item_frame":16,"minecraft:iron_shovel":1,"minecraft:zombie_head":1,"minecraft:cyan_carpet":1,"minecraft:spruce_planks":1,"minecraft:player_head":3,"minecraft:calcite":2,"minecraft:poppy":1,"minecraft:iron_pickaxe":1,"minecraft:coal_block":13,"minecraft:egg":1,"knightlib:small_essence":8,"minecraft:iron_boots":2,"iceandfire:pixie_dust":1,"minecraft:stick":18,"born_in_chaos_v1:shattered_skull":1,"born_in_chaos_v1:pieceofdarkmetal":6,"minecraft:carrot":1,"minecraft:redstone":3,"minecraft:dark_oak_planks":16,"minecraft:arrow":26,"minecraft:honey_bottle":1,"minecraft:rotten_flesh":25,"species:werefang":3,"minecraft:hay_block":56,"alexsdelight:raw_bison":2,"butchersdelightfoods:sheeprack":3,"minecraft:oak_chest_boat":1,"relics:reflection_necklace":4,"minecraft:mutton":2,"minecraft:iron_bars":1,"minecraft:cobblestone":4,"minecraft:white_wool":6,"minecraft:skeleton_skull":1,"minecraft:stripped_oak_log":4,"born_in_chaos_v1:corpse_maggot":2,"minecraft:leather_chestplate":3,"butchersdelightfoods:beeftenderloin":2,"biomeswevegone:palm_log":8,"born_in_chaos_v1:spiritual_dust":6,"minecraft:water_bucket":1,"minecraft:leather":1,"biomesoplenty:fir_log":10,"alexsmobs:bison_fur":1,"minecraft:mushroom_stew":6,"minecraft:oak_log":12,"species:wicked_wax":3,"minecraft:gunpowder":1,"minecraft:blue_bed":2,"minecraft:dirt":54,"born_in_chaos_v1:marigolds":3,"minecraft:leather_boots":2,"minecraft:mangrove_fence":1,"minecraft:bone":24,"minecraft:apple":1,"minecraft:bow":1,"minecraft:kelp":18,"delightful:mini_melon":1,"minecraft:wheat_seeds":8,"minecraft:spruce_wood":1,"minecraft:iron_ingot":1,"regions_unexplored:pink_bioshroom":2,"minecraft:dark_oak_sign":28,"minecraft:glass_bottle":4,"minecraft:oak_planks":8,"minecraft:iron_sword":1,"knightlib:great_essence":8,"graveyard:fire_brazier":1,"minecraft:oak_slab":1,"minecraft:cooked_porkchop":3,"minecraft:brush":1,"minecraft:stone_brick_slab":1,"minecraft:dandelion":1,"minecraft:spyglass":1,"iceandfire:pixie_house_birch":1,"delightful:salmonberries":1,"minecraft:white_bed":1,"minecraft:spruce_log":1,"minecraft:spider_eye":2,"minecraft:lever":1,"minecraft:iron_hoe":1,"iceandfire:lectern":1,"regions_unexplored:tall_pink_bioshroom":1,"waystones:waystone":1,"regions_unexplored:clover":13,"minecraft:iron_helmet":2,"croptopia:orange":6,"minecraft:golden_apple":2,"minecraft:emerald":6,"minecraft:bread":2,"alexsmobs:maggot":1,"alexsmobs:banana_slug_slime":3,"butchersdelightfoods:sheepshank":1,"minecraft:dark_oak_fence":1,"minecraft:stripped_dark_oak_log":3,"minecraft:coal":18,"iceandfire:raw_silver":1,"minecraft:crimson_roots":2},"minecraft:used":{"biomeswevegone:palm_crafting_table":1,"minecraft:iron_bars":1,"minecraft:iron_shovel":6,"minecraft:ladder":5,"minecraft:chest":3,"minecraft:shield":19,"minecraft:spruce_planks":4,"minecraft:iron_sword":290,"butchersdelightfoods:beeftenderloin":1,"minecraft:player_head":1,"minecraft:rotten_flesh":2,"minecraft:dirt":54,"minecraft:spyglass":5,"minecraft:mutton":1,"minecraft:chainmail_chestplate":1,"minecraft:carrot":2,"minecraft:diamond_helmet":1,"minecraft:obsidian":2,"minecraft:dark_oak_planks":9,"butchersdelightfoods:sheeprack":1,"minecraft:iron_axe":31,"minecraft:iron_helmet":1,"biomeswevegone:palm_planks":17,"minecraft:sweet_berries":11,"minecraft:egg":1,"minecraft:oak_planks":4,"minecraft:leather_chestplate":1,"biomesoplenty:fir_planks":36,"minecraft:blue_bed":2,"minecraft:golden_apple":3,"minecraft:white_wool":1,"delightful:salmonberries":1,"minecraft:oak_slab":1,"minecraft:crafting_table":5,"minecraft:mushroom_stew":4,"minecraft:cake":1,"croptopia:orange":6,"minecraft:oak_log":2,"minecraft:apple":6,"minecraft:firework_rocket":1,"minecraft:bread":62,"minecraft:iron_pickaxe":67,"minecraft:cyan_carpet":1,"born_in_chaos_v1:marigolds":3,"minecraft:stone_axe":52,"minecraft:coal_block":5,"minecraft:dark_oak_fence":1,"minecraft:potion":1,"minecraft:cooked_porkchop":4,"minecraft:chainmail_boots":1,"biomeswevegone:palm_boat":2,"alexsmobs:animal_dictionary":1},"minecraft:killed_by":{"minecraft:vex":1,"minecraft:evoker":1},"minecraft:broken":{"minecraft:stone_axe":1,"minecraft:iron_sword":1},"minecraft:killed":{"born_in_chaos_v1:zombie_clown":1,"minecraft:vex":1,"minecraft:witch":9,"minecraft:spider":2,"born_in_chaos_v1:zombie_bruiser":1,"born_in_chaos_v1:maggot":5,"minecraft:skeleton":17,"alexsmobs:banana_slug":2,"born_in_chaos_v1:spirit_guide":1,"minecraft:husk":6,"minecraft:zombie_villager":1,"born_in_chaos_v1:baby_skeleton":1,"minecraft:sheep":5,"minecraft:pillager":1,"minecraft:zombie":4,"iceandfire:ghost":2,"born_in_chaos_v1:corpse_fly":1,"species:bewereager":1,"species:wicked":1},"minecraft:crafted":{"minecraft:oak_planks":56,"minecraft:melon_slice":2,"biomeswevegone:palm_boat":2,"biomeswevegone:palm_planks":32,"minecraft:melon_seeds":2,"minecraft:chest":3,"minecraft:dark_oak_planks":8,"minecraft:wheat":504,"biomeswevegone:palm_crafting_table":1,"minecraft:crafting_table":5,"minecraft:spruce_planks":4,"minecraft:iron_sword":2,"minecraft:blue_bed":1,"minecraft:bread":150,"minecraft:blue_dye":1,"biomesoplenty:fir_planks":40,"minecraft:stick":4,"minecraft:iron_pickaxe":1,"minecraft:white_bed":1},"minecraft:custom":{"minecraft:mob_kills":70,"minecraft:interact_with_crafting_table":10,"minecraft:open_barrel":61,"minecraft:bell_ring":2,"minecraft:damage_dealt_resisted":137,"minecraft:eat_cake_slice":21,"minecraft:leave_game":4,"minecraft:time_since_death":37281,"minecraft:climb_one_cm":43932,"minecraft:damage_resisted":275,"minecraft:sprint_one_cm":301785,"minecraft:walk_one_cm":916689,"minecraft:damage_blocked_by_shield":430,"minecraft:drop":121,"minecraft:talked_to_villager":5,"minecraft:play_time":248993,"minecraft:deaths":31,"minecraft:sneak_time":1833,"minecraft:walk_under_water_one_cm":17346,"minecraft:boat_one_cm":55771,"minecraft:jump":2787,"minecraft:interact_with_blast_furnace":1,"minecraft:walk_on_water_one_cm":30313,"minecraft:total_world_time":248993,"minecraft:sleep_in_bed":7,"minecraft:time_since_rest":3617,"minecraft:damage_taken":13794,"minecraft:damage_absorbed":169,"minecraft:damage_dealt":14609,"minecraft:swim_one_cm":13385,"minecraft:fly_one_cm":325510,"minecraft:open_chest":85,"minecraft:crouch_one_cm":6938,"minecraft:fall_one_cm":105958,"minecraft:horse_one_cm":320408}},"DataVersion":3465}