{"stats":{"minecraft:killed":{"cataclysm:ignis":1},"minecraft:picked_up":{"minecraft:smooth_basalt":2,"cataclysm:music_disc_ignis":1,"minecraft:stone_bricks":5,"cataclysm:ignitium_ingot":3,"minecraft:cracked_stone_bricks":1,"minecraft:stone_brick_slab":4,"minecraft:mossy_stone_bricks":1,"knightlib:small_essence":1},"minecraft:custom":{"minecraft:time_since_rest":15795,"minecraft:crouch_one_cm":35,"minecraft:play_time":15795,"minecraft:sprint_one_cm":676,"minecraft:walk_one_cm":7622,"minecraft:sneak_time":354,"minecraft:mob_kills":1,"minecraft:jump":73,"minecraft:damage_dealt":5766,"minecraft:leave_game":1,"minecraft:time_since_death":15795,"minecraft:walk_on_water_one_cm":133,"minecraft:total_world_time":15795,"minecraft:climb_one_cm":180,"minecraft:fly_one_cm":102742},"minecraft:used":{"minecraft:torch":1,"cataclysm:ignis_spawn_egg":2,"spicy_species:flowering_cinnamon_log":1,"cataclysm:desert_eye":31}},"DataVersion":3465}