{"stats":{"minecraft:dropped":{"gravestone:obituary":3},"minecraft:mined":{"biomesoplenty:fir_log":2,"minecraft:crafting_table":1,"gravestone:gravestone":4,"minecraft:grass":2,"minecraft:grass_block":15,"biomesoplenty:fir_leaves":1,"minecraft:cyan_carpet":1,"minecraft:dirt":26,"minecraft:tall_grass":1,"minecraft:stone":8,"minecraft:fern":2},"minecraft:picked_up":{"minecraft:crafting_table":1,"minecraft:stick":9,"minecraft:smooth_basalt":6,"minecraft:basalt":1,"cataclysm:ignitium_ingot":6,"minecraft:stone_brick_slab":4,"biomesoplenty:fir_sapling":7,"biomesoplenty:fir_log":82,"gravestone:obituary":6,"minecraft:gunpowder":1,"minecraft:dirt":40,"cataclysm:music_disc_ignis":1,"minecraft:arrow":2,"minecraft:bone":2,"minecraft:rotten_flesh":3,"minecraft:stone_bricks":5,"minecraft:cracked_stone_bricks":2,"minecraft:wheat_seeds":1,"minecraft:iron_ingot":1,"minecraft:totem_of_undying":1,"minecraft:emerald":3,"minecraft:mossy_stone_bricks":1,"minecraft:glass_bottle":2,"spartanweaponry:iron_flanged_mace":1,"minecraft:cobblestone":8,"knightlib:small_essence":2},"minecraft:used":{"cataclysm:ignis_spawn_egg":2,"minecraft:wooden_axe":1,"minecraft:stone_sword":33,"cataclysm:desert_eye":31,"biomesoplenty:fir_sapling":1,"minecraft:stone_pickaxe":5,"minecraft:wooden_pickaxe":3,"biomesoplenty:fir_planks":15,"minecraft:dirt":31,"minecraft:torch":1,"spicy_species:flowering_cinnamon_log":1,"minecraft:crafting_table":1,"spartanweaponry:iron_flanged_mace":21},"minecraft:broken":{"minecraft:wooden_axe":1},"minecraft:killed":{"minecraft:skeleton":1,"minecraft:evoker":1,"minecraft:pillager":2,"minecraft:vex":2,"minecraft:zombie":3,"minecraft:witch":2,"cataclysm:ignis":2,"born_in_chaos_v1:maggot":1},"minecraft:crafted":{"biomesoplenty:fir_planks":68,"minecraft:stick":4,"minecraft:wooden_axe":1,"minecraft:wooden_pickaxe":1,"minecraft:stone_pickaxe":1,"minecraft:stone_sword":1},"minecraft:custom":{"minecraft:time_since_rest":2567,"minecraft:sprint_one_cm":24456,"minecraft:damage_taken":3670,"minecraft:walk_one_cm":91697,"minecraft:mob_kills":14,"minecraft:drop":3,"minecraft:damage_dealt":12613,"minecraft:swim_one_cm":3415,"minecraft:interact_with_crafting_table":4,"minecraft:fly_one_cm":131558,"minecraft:open_chest":7,"minecraft:crouch_one_cm":49,"minecraft:play_time":40380,"minecraft:deaths":5,"minecraft:sneak_time":471,"minecraft:walk_under_water_one_cm":3335,"minecraft:jump":432,"minecraft:leave_game":1,"minecraft:time_since_death":2534,"minecraft:walk_on_water_one_cm":2904,"minecraft:climb_one_cm":579,"minecraft:total_world_time":40380,"minecraft:fall_one_cm":34490}},"DataVersion":3465}