{"stats":{"minecraft:dropped":{"farmersdelight:iron_knife":1,"minecraft:iron_sword":4,"knightlib:small_essence":2,"biomesoplenty:fir_sapling":5,"sophisticatedbackpacks:gold_backpack":1,"gravestone:obituary":12,"minecraft:golden_chestplate":1,"minecraft:cooked_chicken":1,"minecraft:bread":19,"croptopia:starfruit":1,"minecraft:iron_helmet":3,"minecraft:cobblestone":3,"minecraft:stick":13,"minecraft:torch":32,"minecraft:potion":1,"minecraft:string":1,"regions_unexplored:clover":4,"relics:blazing_flask":1,"minecraft:shield":5,"minecraft:iron_chestplate":2,"minecraft:stone_pickaxe":1},"minecraft:custom":{"minecraft:interact_with_crafting_table":35,"minecraft:open_barrel":103,"minecraft:eat_cake_slice":40,"minecraft:leave_game":4,"minecraft:time_since_death":118974,"minecraft:sprint_one_cm":653657,"minecraft:drop":81,"minecraft:talked_to_villager":4,"minecraft:play_time":585729,"minecraft:deaths":36,"minecraft:jump":8563,"minecraft:walk_on_water_one_cm":178502,"minecraft:interact_with_furnace":11,"minecraft:traded_with_villager":2,"minecraft:interact_with_loom":1,"minecraft:sleep_in_bed":10,"minecraft:damage_dealt":68640,"minecraft:crouch_one_cm":14665,"waystones:waystone_activated":1,"minecraft:interact_with_smoker":13,"minecraft:interact_with_anvil":2,"minecraft:mob_kills":303,"minecraft:damage_dealt_resisted":3000,"minecraft:climb_one_cm":48173,"minecraft:walk_one_cm":1889915,"minecraft:sneak_time":9217,"minecraft:walk_under_water_one_cm":79222,"minecraft:boat_one_cm":3244,"minecraft:total_world_time":585729,"minecraft:time_since_rest":119000,"minecraft:damage_taken":28786,"minecraft:damage_absorbed":240,"minecraft:swim_one_cm":84870,"minecraft:fly_one_cm":1566074,"minecraft:open_chest":228,"minecraft:fall_one_cm":249603},"minecraft:crafted":{"minecraft:melon_slice":2,"biomeswevegone:mahogany_planks":228,"sophisticatedbackpacks:crafting_upgrade":1,"minecraft:chest":4,"minecraft:stone_hoe":1,"minecraft:smoker":1,"wan_ancient_beasts:walker_skull":1,"sophisticatedbackpacks:backpack":1,"minecraft:emerald":9,"biomesoplenty:jacaranda_planks":200,"minecraft:cooked_porkchop":4,"minecraft:crafting_table":10,"farmersdelight:iron_knife":1,"minecraft:wooden_pickaxe":1,"biomeswevegone:mahogany_crafting_table":4,"sophisticatedbackpacks:upgrade_base":2,"biomesoplenty:fir_planks":328,"minecraft:stick":224,"born_in_chaos_v1:smoked_flesh":28,"minecraft:iron_pickaxe":1,"minecraft:stone_sword":1,"minecraft:gold_ingot":1,"minecraft:furnace":1,"minecraft:bone_meal":9,"minecraft:iron_axe":1,"minecraft:ladder":66,"minecraft:stone_pickaxe":1,"minecraft:wheat":371,"sophisticatedbackpacks:iron_backpack":1,"minecraft:iron_sword":3,"sophisticatedbackpacks:gold_backpack":1,"minecraft:air":0,"minecraft:bread":128,"minecraft:golden_apple":2,"minecraft:wooden_axe":1,"minecraft:white_bed":1,"minecraft:torch":128,"minecraft:torchflower_seeds":1},"minecraft:killed":{"minecraft:cave_spider":1,"minecraft:witch":5,"born_in_chaos_v1:zombie_lumberjack":1,"born_in_chaos_v1:restless_spirit":4,"born_in_chaos_v1:door_knight_not_despawn":1,"minecraft:spider":10,"born_in_chaos_v1:baby_skeleton_minion":1,"minecraft:skeleton":47,"mowziesmobs:umvuthana_crane":4,"born_in_chaos_v1:skeleton_thrasher":1,"born_in_chaos_v1:firelight_not_despawn":1,"born_in_chaos_v1:bonescaller":1,"alexsmobs:grizzly_bear":1,"minecraft:pillager":23,"minecraft:zombie":58,"born_in_chaos_v1:dread_hound":4,"born_in_chaos_v1:corpse_fly":4,"minecraft:stray":13,"minecraft:evoker":3,"minecraft:vex":6,"minecraft:vindicator":1,"born_in_chaos_v1:maggot":23,"born_in_chaos_v1:baby_spider":1,"iceandfire:fire_dragon":1,"born_in_chaos_v1:corpse_fish":2,"mowziesmobs:umvuthana":21,"born_in_chaos_v1:spiritof_chaos":1,"minecraft:husk":40,"alexsmobs:guster":1,"born_in_chaos_v1:baby_skeleton":2,"minecraft:frog":1,"born_in_chaos_v1:decrepit_skeleton":3,"born_in_chaos_v1:decaying_zombie":1,"iceandfire:ghost":2,"knightquest:lizzy":2,"cataclysm:ignis":2,"minecraft:wither_skeleton":2},"minecraft:used":{"minecraft:beetroot":2,"minecraft:iron_shovel":1,"mowziesmobs:umvuthana_mask_fear":1,"biomeswevegone:cracked_sand":2,"minecraft:ladder":55,"minecraft:chest":3,"minecraft:iron_sword":1336,"minecraft:rotten_flesh":1,"minecraft:iron_chestplate":1,"mowziesmobs:umvuthana_mask_bliss":1,"minecraft:carrot":3,"born_in_chaos_v1:corpse_maggot":3,"born_in_chaos_v1:smoked_flesh":28,"mowziesmobs:umvuthana_mask_faith":2,"biomesoplenty:fir_sapling":2,"minecraft:iron_helmet":1,"mowziesmobs:umvuthana_mask_rage":2,"croptopia:peach":2,"minecraft:hay_block":2,"minecraft:furnace":1,"minecraft:cooked_cod":6,"biomeswevegone:mahogany_crafting_table":3,"minecraft:egg":3,"minecraft:potato":9,"born_in_chaos_v1:black_argillite_wall":1,"cataclysm:ignis_spawn_egg":2,"minecraft:torchflower":1,"minecraft:stone_pickaxe":15,"minecraft:wooden_pickaxe":3,"biomesoplenty:fir_planks":204,"minecraft:cookie":1,"minecraft:golden_apple":8,"spartanweaponry:iron_flanged_mace":48,"minecraft:crossbow":12,"biomesoplenty:jacaranda_planks":166,"minecraft:firework_rocket":3,"minecraft:bread":196,"minecraft:melon_slice":7,"minecraft:iron_door":1,"minecraft:torchflower_seeds":1,"minecraft:cooked_rabbit":1,"minecraft:bone_meal":3,"minecraft:stone_sword":190,"minecraft:netherite_sword":113,"minecraft:white_tulip":2,"mowziesmobs:umvuthana_mask_misery":3,"biomeswevegone:mahogany_planks":82,"minecraft:stone_hoe":20,"minecraft:cooked_chicken":1,"minecraft:torch":215,"minecraft:dirt":43,"minecraft:wooden_axe":3,"wan_ancient_beasts:walker_skull":2,"minecraft:dark_oak_planks":1,"minecraft:iron_axe":19,"minecraft:iron_boots":1,"minecraft:totem_of_undying":1,"spicy_species:flowering_cinnamon_log":1,"minecraft:goat_horn":2,"biomeswevegone:quicksand":6,"minecraft:cooked_beef":11,"minecraft:iron_leggings":1,"minecraft:brown_bed":1,"croptopia:grape":1,"minecraft:cooked_mutton":1,"minecraft:water_bucket":5,"cataclysm:desert_eye":31,"minecraft:baked_potato":11,"born_in_chaos_v1:black_argillite_brick_stairs":1,"minecraft:crafting_table":10,"minecraft:red_bed":1,"minecraft:white_bed":8,"minecraft:smoker":1,"minecraft:cake":5,"regions_unexplored:pine_shrub":1,"minecraft:apple":50,"minecraft:iron_pickaxe":347,"minecraft:stone_axe":35,"minecraft:cobblestone":4,"minecraft:potion":6,"minecraft:cooked_porkchop":6,"minecraft:bucket":6,"minecraft:yellow_bed":2,"minecraft:brush":74,"minecraft:splash_potion":1},"minecraft:broken":{"minecraft:leather_leggings":1,"minecraft:iron_boots":1,"minecraft:iron_leggings":2,"minecraft:chainmail_boots":1,"minecraft:stone_axe":1,"minecraft:iron_sword":2,"minecraft:wooden_axe":1,"minecraft:leather_helmet":1,"spartanweaponry:iron_flanged_mace":1,"minecraft:stone_sword":1,"minecraft:leather_chestplate":1},"minecraft:picked_up":{"minecraft:wooden_axe":1,"minecraft:iron_chestplate":1,"minecraft:black_carpet":1,"minecraft:wheat":57,"minecraft:flower_pot":1,"croptopia:grape_seed":1,"minecraft:brown_bed":1,"minecraft:enchanted_book":1,"minecraft:wither_rose":1,"minecraft:potion":3,"born_in_chaos_v1:black_argillite_wall":1,"born_in_chaos_v1:black_argillite":3,"wan_ancient_beasts:glider_feather":1,"minecraft:string":56,"minecraft:raw_copper":28,"minecraft:red_nether_bricks":3,"minecraft:iron_leggings":1,"minecraft:armor_stand":5,"minecraft:zombie_head":1,"minecraft:gold_nugget":18,"biomesoplenty:fir_planks":2,"minecraft:white_tulip":2,"minecraft:calcite":2,"minecraft:melon_slice":5,"relics:blazing_flask":1,"spartanweaponry:iron_flanged_mace":1,"regions_unexplored:pine_shrub":1,"minecraft:furnace":1,"minecraft:tipped_arrow":5,"minecraft:golden_helmet":1,"minecraft:stick":37,"biomeswevegone:palo_verde_log":10,"minecraft:torch":76,"minecraft:acacia_log":1,"minecraft:porkchop":4,"biomesoplenty:orange_maple_sapling":1,"iceandfire:crackled_gravel":3,"wan_ancient_beasts:walker_skull":2,"born_in_chaos_v1:black_argillite_brick_stairs":3,"minecraft:golden_chestplate":1,"minecraft:cauldron":1,"minecraft:quartz_block":2,"minecraft:stone_sword":4,"minecraft:rotten_flesh":96,"wan_ancient_beasts:crusher_spike":2,"minecraft:iron_bars":13,"minecraft:cobblestone":41,"minecraft:magma_block":1,"minecraft:leather_chestplate":4,"butchersdelightfoods:beeftenderloin":1,"minecraft:feather":30,"minecraft:repeater":1,"minecraft:iron_door":2,"born_in_chaos_v1:spiritual_dust":2,"minecraft:andesite":1,"minecraft:golden_leggings":1,"alexsmobs:bear_fur":1,"minecraft:potato":10,"biomesoplenty:fir_sapling":8,"biomesoplenty:fir_log":82,"minecraft:dirt":55,"cataclysm:music_disc_ignis":1,"born_in_chaos_v1:monster_skin":1,"biomesoplenty:snowblossom_sapling":1,"minecraft:leather_boots":3,"minecraft:bone":61,"minecraft:bow":1,"delightful:mini_melon":1,"minecraft:wheat_seeds":14,"minecraft:mossy_stone_bricks":2,"minecraft:bamboo":7,"minecraft:oak_planks":4,"minecraft:mossy_stone_brick_stairs":1,"minecraft:cooked_porkchop":2,"minecraft:oak_pressure_plate":1,"minecraft:sand":1,"minecraft:mossy_cobblestone":1,"minecraft:polished_andesite":1,"alexsmobs:kangaroo_hide":4,"minecraft:dispenser":1,"minecraft:sugar":2,"born_in_chaos_v1:fire_dust":1,"minecraft:diamond":1,"iceandfire:lectern":1,"waystones:waystone":2,"regions_unexplored:clover":5,"minecraft:crossbow":2,"minecraft:granite":1,"minecraft:bone_meal":1,"minecraft:golden_apple":1,"minecraft:spruce_sign":2,"minecraft:emerald":18,"minecraft:chainmail_helmet":1,"minecraft:bread":92,"minecraft:rooted_dirt":2,"minecraft:crimson_roots":1,"iceandfire:dragon_skull_lightning":3,"sophisticatedbackpacks:gold_backpack":1,"minecraft:coarse_dirt":3,"minecraft:crafting_table":1,"iceandfire:witherbone":1,"minecraft:ladder":2,"croptopia:peach":2,"minecraft:redstone_lamp":8,"minecraft:leather_leggings":5,"biomesoplenty:jacaranda_sapling":21,"minecraft:chain":2,"gravestone:obituary":10,"born_in_chaos_v1:fired_black_argillite":1,"minecraft:brick":2,"born_in_chaos_v1:black_argillite_column":1,"minecraft:red_bed":1,"minecraft:item_frame":4,"born_in_chaos_v1:black_argillite_brick":2,"minecraft:cracked_stone_bricks":4,"biomeswevegone:mahogany_planks":8,"minecraft:spruce_slab":1,"minecraft:minecart":1,"iceandfire:dragonscales_electric":12,"minecraft:chest":1,"biomeswevegone:palo_verde_sapling":4,"minecraft:egg":8,"knightlib:small_essence":30,"minecraft:stripped_mangrove_wood":1,"minecraft:raw_iron":1,"minecraft:sandstone":20,"iceandfire:dragonbone":46,"minecraft:music_disc_relic":1,"minecraft:copper_ingot":1,"minecraft:bowl":2,"minecraft:cookie":1,"born_in_chaos_v1:pieceofdarkmetal":6,"minecraft:carrot":1,"minecraft:stone_pressure_plate":1,"minecraft:dark_oak_planks":1,"mowziesmobs:umvuthana_mask_faith":1,"croptopia:grape":1,"biomeswevegone:quicksand":10,"minecraft:arrow":72,"biomesoplenty:jacaranda_log":50,"minecraft:pumpkin_pie":1,"minecraft:hay_block":39,"mowziesmobs:umvuthana_mask_bliss":1,"minecraft:gold_ingot":3,"minecraft:totem_of_undying":3,"minecraft:bone_block":65,"alexsmobs:kangaroo_meat":2,"minecraft:white_wool":4,"born_in_chaos_v1:corpse_maggot":24,"minecraft:basalt":1,"born_in_chaos_v1:monster_flesh":4,"cataclysm:ignitium_ingot":6,"minecraft:red_mushroom":3,"biomeswevegone:ironwood_log":1,"minecraft:torchflower":1,"iceandfire:ectoplasm":1,"biomeswevegone:maple_sapling":1,"minecraft:golden_boots":1,"minecraft:yellow_bed":2,"minecraft:gunpowder":3,"minecraft:cobblestone_stairs":1,"minecraft:heart_pottery_sherd":1,"minecraft:white_banner":1,"biomeswevegone:mahogany_sapling":13,"mowziesmobs:umvuthana_mask_rage":2,"minecraft:stone_bricks":5,"iceandfire:pixie_jar_empty":1,"minecraft:spruce_wood":6,"minecraft:iron_ingot":11,"wan_ancient_beasts:spike_armor_trim_smithing_template":1,"minecraft:cooked_chicken":2,"minecraft:glass_bottle":2,"minecraft:arms_up_pottery_sherd":2,"minecraft:acacia_sapling":1,"minecraft:iron_sword":3,"iceandfire:fire_dragon_flesh":2,"mowziesmobs:umvuthana_mask_misery":3,"knightlib:great_essence":28,"minecraft:book":1,"iceandfire:copper_nugget":22,"minecraft:smooth_basalt":6,"minecraft:emerald_block":1,"biomeswevegone:mahogany_log":57,"croptopia:starfruit":1,"minecraft:stone_brick_slab":4,"born_in_chaos_v1:black_argillitepressureplate":1,"born_in_chaos_v1:ethereal_spirit":1,"minecraft:gravel":9,"minecraft:white_bed":7,"minecraft:spruce_log":1,"minecraft:spider_eye":3,"minecraft:leather_helmet":4,"biomeswevegone:cracked_sand":25,"minecraft:chainmail_leggings":1,"minecraft:iron_helmet":1,"mowziesmobs:umvuthana_mask_fear":2,"biomeswevegone:blueberries":2,"minecraft:baked_potato":12,"minecraft:coal":3},"minecraft:mined":{"minecraft:dark_oak_planks":1,"minecraft:stone_pressure_plate":4,"minecraft:white_bed":6,"biomeswevegone:mahogany_planks":8,"minecraft:cobblestone_stairs":1,"minecraft:jungle_leaves":1,"minecraft:red_nether_bricks":3,"minecraft:granite":1,"biomeswevegone:quicksand":6,"born_in_chaos_v1:dark_metal_deposit":3,"minecraft:grass_block":21,"iceandfire:lectern":1,"minecraft:oak_pressure_plate":2,"minecraft:spawner":52,"minecraft:tall_seagrass":1,"minecraft:magma_block":2,"biomeswevegone:white_sage":1,"minecraft:mossy_cobblestone_stairs":3,"born_in_chaos_v1:black_argillite_brick_stairs":7,"minecraft:black_carpet":1,"minecraft:brown_bed":1,"iceandfire:gold_pile":3,"minecraft:iron_bars":12,"minecraft:spruce_wood":8,"minecraft:quartz_block":15,"minecraft:red_bed":1,"minecraft:orange_terracotta":1,"minecraft:torch":22,"minecraft:calcite":2,"minecraft:melon":1,"minecraft:chest":1,"biomeswevegone:golden_spined_cactus":1,"minecraft:cobblestone":12,"minecraft:oak_planks":7,"minecraft:iron_door":4,"minecraft:wall_torch":22,"minecraft:stone_stairs":1,"minecraft:dark_oak_slab":1,"born_in_chaos_v1:fired_black_argillite":1,"minecraft:lilac":1,"minecraft:jukebox":1,"biomeswevegone:blueberry_bush":1,"born_in_chaos_v1:black_argillite_brick":5,"biomesoplenty:fir_log":2,"minecraft:wither_rose":1,"minecraft:stone_brick_stairs":1,"minecraft:grass":91,"delightful:mini_melon":1,"minecraft:dirt":33,"minecraft:dispenser":1,"born_in_chaos_v1:black_argillite_wall":1,"biomeswevegone:cracked_sand":8,"minecraft:oak_leaves":1,"minecraft:emerald_block":1,"minecraft:mossy_cobblestone":4,"minecraft:dark_oak_leaves":2,"biomeswevegone:bistort":1,"minecraft:ladder":5,"gravestone:gravestone":31,"minecraft:dark_oak_fence":1,"minecraft:decorated_pot":2,"born_in_chaos_v1:black_argillite":6,"biomeswevegone:mahogany_leaves":1,"minecraft:crimson_roots":1,"minecraft:sandstone":5,"minecraft:hay_block":37,"born_in_chaos_v1:black_argillite_column":1,"minecraft:furnace":1,"minecraft:andesite":4,"minecraft:mossy_stone_brick_stairs":3,"minecraft:bookshelf":1,"biomesoplenty:high_grass":1,"minecraft:vine":3,"regions_unexplored:medium_grass":3,"minecraft:stone":64,"regions_unexplored:windswept_grass":5,"minecraft:bone_block":70,"minecraft:white_wool":4,"iceandfire:pixie_jar_empty":1,"minecraft:acacia_leaves":4,"minecraft:crafting_table":1,"biomesoplenty:fir_planks":2,"minecraft:copper_ore":7,"minecraft:tall_grass":9,"born_in_chaos_v1:chipped_black_argillite_brick":1,"biomesoplenty:sprout":1,"wan_ancient_beasts:walker_skull":1,"biomeswevegone:palo_verde_log":2,"minecraft:torchflower":1,"minecraft:spruce_log":1,"minecraft:yellow_bed":2,"minecraft:coal_ore":2,"biomesoplenty:fir_leaves":1,"minecraft:cyan_carpet":1,"minecraft:gravel":1,"minecraft:cobweb":50,"minecraft:cracked_stone_bricks":5,"minecraft:polished_andesite":1,"minecraft:stone_bricks":8,"minecraft:mossy_stone_bricks":3,"minecraft:fern":8},"minecraft:killed_by":{"minecraft:husk":2,"minecraft:player":1}},"DataVersion":3465}