{"stats":{"minecraft:picked_up":{"minecraft:crafting_table":1,"minecraft:wheat":50,"minecraft:redstone_lamp":8,"minecraft:ladder":2,"croptopia:peach":2,"minecraft:leather_leggings":2,"minecraft:potion":2,"born_in_chaos_v1:black_argillite_wall":1,"gravestone:obituary":9,"born_in_chaos_v1:fired_black_argillite":1,"born_in_chaos_v1:black_argillite":3,"born_in_chaos_v1:black_argillite_column":1,"minecraft:string":2,"minecraft:red_bed":1,"minecraft:red_nether_bricks":3,"minecraft:armor_stand":2,"minecraft:item_frame":3,"minecraft:zombie_head":1,"born_in_chaos_v1:black_argillite_brick":2,"minecraft:cracked_stone_bricks":2,"biomesoplenty:fir_planks":2,"minecraft:calcite":2,"minecraft:melon_slice":5,"minecraft:chest":1,"spartanweaponry:iron_flanged_mace":1,"knightlib:small_essence":14,"minecraft:stick":9,"minecraft:torch":3,"biomesoplenty:orange_maple_sapling":1,"minecraft:cookie":1,"born_in_chaos_v1:pieceofdarkmetal":1,"minecraft:carrot":1,"born_in_chaos_v1:black_argillite_brick_stairs":3,"minecraft:arrow":29,"minecraft:rotten_flesh":31,"minecraft:pumpkin_pie":1,"minecraft:totem_of_undying":3,"minecraft:gold_ingot":1,"minecraft:cobblestone":8,"born_in_chaos_v1:corpse_maggot":7,"minecraft:magma_block":1,"minecraft:leather_chestplate":1,"butchersdelightfoods:beeftenderloin":1,"minecraft:basalt":1,"minecraft:repeater":1,"born_in_chaos_v1:monster_flesh":1,"cataclysm:ignitium_ingot":6,"biomesoplenty:fir_sapling":7,"biomesoplenty:fir_log":82,"iceandfire:ectoplasm":1,"minecraft:yellow_bed":1,"minecraft:gunpowder":1,"minecraft:dirt":46,"biomesoplenty:snowblossom_sapling":1,"cataclysm:music_disc_ignis":1,"minecraft:bone":17,"minecraft:stone_bricks":5,"minecraft:wheat_seeds":4,"minecraft:iron_ingot":2,"minecraft:cooked_chicken":2,"minecraft:mossy_stone_bricks":1,"minecraft:glass_bottle":2,"minecraft:iron_sword":2,"knightlib:great_essence":3,"minecraft:smooth_basalt":6,"minecraft:cooked_porkchop":1,"minecraft:stone_brick_slab":4,"born_in_chaos_v1:black_argillitepressureplate":1,"minecraft:sugar":2,"born_in_chaos_v1:fire_dust":1,"minecraft:diamond":1,"waystones:waystone":1,"minecraft:crossbow":1,"minecraft:golden_apple":1,"minecraft:spruce_sign":2,"minecraft:emerald":8,"minecraft:bread":16,"minecraft:crimson_roots":1},"minecraft:broken":{"spartanweaponry:iron_flanged_mace":1,"minecraft:stone_sword":1,"minecraft:wooden_axe":1},"minecraft:crafted":{"minecraft:ladder":15,"minecraft:stone_pickaxe":1,"minecraft:chest":2,"minecraft:crafting_table":2,"minecraft:wooden_pickaxe":1,"biomesoplenty:fir_planks":328,"minecraft:stick":92,"minecraft:iron_pickaxe":1,"minecraft:wooden_axe":1,"minecraft:stone_sword":1},"minecraft:killed":{"minecraft:evoker":3,"minecraft:vex":6,"minecraft:witch":4,"minecraft:spider":1,"born_in_chaos_v1:maggot":12,"minecraft:skeleton":29,"born_in_chaos_v1:firelight_not_despawn":1,"minecraft:husk":32,"born_in_chaos_v1:baby_skeleton":1,"minecraft:frog":1,"minecraft:pillager":6,"minecraft:zombie":5,"iceandfire:ghost":1,"knightquest:lizzy":2,"born_in_chaos_v1:corpse_fly":1,"cataclysm:ignis":2},"minecraft:used":{"minecraft:beetroot":2,"minecraft:netherite_sword":68,"minecraft:stone_sword":129,"minecraft:ladder":4,"minecraft:chest":3,"minecraft:iron_sword":217,"minecraft:cooked_chicken":1,"minecraft:torch":7,"minecraft:dirt":35,"minecraft:carrot":3,"born_in_chaos_v1:corpse_maggot":1,"minecraft:wooden_axe":1,"biomesoplenty:fir_sapling":2,"minecraft:totem_of_undying":1,"spicy_species:flowering_cinnamon_log":1,"croptopia:peach":2,"born_in_chaos_v1:black_argillite_wall":1,"cataclysm:ignis_spawn_egg":2,"cataclysm:desert_eye":31,"minecraft:stone_pickaxe":15,"minecraft:wooden_pickaxe":3,"biomesoplenty:fir_planks":166,"born_in_chaos_v1:black_argillite_brick_stairs":1,"minecraft:cookie":1,"minecraft:golden_apple":1,"minecraft:crafting_table":3,"minecraft:red_bed":1,"spartanweaponry:iron_flanged_mace":48,"minecraft:cake":2,"minecraft:apple":9,"minecraft:melon_slice":5,"minecraft:bread":16,"minecraft:iron_pickaxe":23,"minecraft:potion":2,"minecraft:cooked_porkchop":1},"minecraft:dropped":{"minecraft:bread":4,"minecraft:iron_sword":1,"biomesoplenty:fir_sapling":5,"minecraft:stick":13,"gravestone:obituary":9,"minecraft:cooked_chicken":1,"minecraft:stone_pickaxe":1},"minecraft:mined":{"minecraft:red_nether_bricks":3,"minecraft:ladder":5,"gravestone:gravestone":22,"minecraft:grass_block":18,"born_in_chaos_v1:dark_metal_deposit":3,"born_in_chaos_v1:black_argillite":6,"minecraft:crimson_roots":1,"minecraft:spawner":3,"born_in_chaos_v1:black_argillite_column":1,"minecraft:magma_block":2,"born_in_chaos_v1:black_argillite_brick_stairs":3,"biomesoplenty:high_grass":1,"minecraft:stone":8,"minecraft:red_bed":1,"minecraft:crafting_table":1,"minecraft:calcite":2,"biomesoplenty:fir_planks":2,"minecraft:melon":1,"minecraft:chest":1,"minecraft:tall_grass":2,"born_in_chaos_v1:chipped_black_argillite_brick":1,"born_in_chaos_v1:fired_black_argillite":1,"born_in_chaos_v1:black_argillite_brick":2,"biomesoplenty:fir_log":2,"minecraft:yellow_bed":1,"minecraft:grass":33,"biomesoplenty:fir_leaves":1,"minecraft:cyan_carpet":1,"minecraft:dirt":31,"minecraft:cobweb":2,"born_in_chaos_v1:black_argillite_wall":1,"minecraft:fern":4},"minecraft:custom":{"minecraft:mob_kills":109,"minecraft:interact_with_anvil":1,"minecraft:interact_with_crafting_table":10,"minecraft:open_barrel":23,"minecraft:damage_dealt_resisted":110,"minecraft:eat_cake_slice":24,"minecraft:leave_game":1,"minecraft:time_since_death":29959,"minecraft:climb_one_cm":8037,"minecraft:sprint_one_cm":120838,"minecraft:walk_one_cm":459787,"minecraft:drop":34,"minecraft:play_time":152676,"minecraft:deaths":27,"minecraft:sneak_time":3902,"minecraft:walk_under_water_one_cm":10961,"minecraft:jump":1576,"minecraft:walk_on_water_one_cm":21583,"minecraft:total_world_time":152676,"minecraft:sleep_in_bed":1,"minecraft:time_since_rest":29992,"minecraft:damage_taken":12615,"minecraft:damage_absorbed":40,"minecraft:damage_dealt":27957,"minecraft:swim_one_cm":7900,"minecraft:fly_one_cm":310541,"minecraft:open_chest":33,"minecraft:crouch_one_cm":4868,"minecraft:fall_one_cm":86393},"minecraft:killed_by":{"minecraft:husk":1}},"DataVersion":3465}