{"stats":{"minecraft:picked_up":{"minecraft:wooden_axe":1,"minecraft:black_carpet":1,"minecraft:wheat":50,"minecraft:flower_pot":1,"croptopia:grape_seed":1,"minecraft:brown_bed":1,"minecraft:wither_rose":1,"minecraft:enchanted_book":1,"minecraft:potion":2,"born_in_chaos_v1:black_argillite_wall":1,"born_in_chaos_v1:black_argillite":3,"minecraft:string":52,"minecraft:raw_copper":27,"minecraft:red_nether_bricks":3,"minecraft:armor_stand":5,"minecraft:zombie_head":1,"minecraft:gold_nugget":18,"biomesoplenty:fir_planks":2,"minecraft:white_tulip":2,"minecraft:calcite":2,"minecraft:melon_slice":5,"relics:blazing_flask":1,"spartanweaponry:iron_flanged_mace":1,"regions_unexplored:pine_shrub":1,"minecraft:stick":37,"minecraft:torch":39,"minecraft:porkchop":4,"biomesoplenty:orange_maple_sapling":1,"iceandfire:crackled_gravel":1,"born_in_chaos_v1:black_argillite_brick_stairs":3,"minecraft:stone_sword":1,"minecraft:rotten_flesh":74,"minecraft:iron_bars":4,"minecraft:cobblestone":18,"minecraft:magma_block":1,"minecraft:leather_chestplate":4,"butchersdelightfoods:beeftenderloin":1,"minecraft:repeater":1,"biomesoplenty:fir_log":82,"minecraft:potato":1,"biomesoplenty:fir_sapling":7,"alexsmobs:bear_fur":1,"minecraft:dirt":47,"minecraft:leather_boots":1,"born_in_chaos_v1:monster_skin":1,"biomesoplenty:snowblossom_sapling":1,"cataclysm:music_disc_ignis":1,"minecraft:bone":35,"minecraft:wheat_seeds":7,"minecraft:mossy_stone_bricks":1,"minecraft:bamboo":7,"minecraft:oak_planks":4,"minecraft:cooked_porkchop":2,"minecraft:sand":1,"minecraft:polished_andesite":1,"alexsmobs:kangaroo_hide":2,"minecraft:dispenser":1,"minecraft:sugar":2,"born_in_chaos_v1:fire_dust":1,"minecraft:diamond":1,"iceandfire:lectern":1,"waystones:waystone":2,"regions_unexplored:clover":5,"minecraft:crossbow":2,"minecraft:granite":1,"minecraft:bone_meal":1,"minecraft:golden_apple":1,"minecraft:chainmail_helmet":1,"minecraft:spruce_sign":2,"minecraft:bread":80,"minecraft:emerald":10,"minecraft:crimson_roots":1,"iceandfire:dragon_skull_lightning":2,"minecraft:crafting_table":1,"minecraft:redstone_lamp":8,"minecraft:ladder":2,"croptopia:peach":2,"minecraft:leather_leggings":3,"biomesoplenty:jacaranda_sapling":21,"gravestone:obituary":10,"born_in_chaos_v1:fired_black_argillite":1,"born_in_chaos_v1:black_argillite_column":1,"minecraft:red_bed":1,"minecraft:item_frame":3,"born_in_chaos_v1:black_argillite_brick":2,"minecraft:cracked_stone_bricks":2,"biomeswevegone:mahogany_planks":1,"minecraft:spruce_slab":1,"minecraft:minecart":1,"minecraft:chest":1,"knightlib:small_essence":25,"minecraft:egg":8,"minecraft:stripped_mangrove_wood":1,"minecraft:sandstone":12,"iceandfire:dragonbone":39,"minecraft:cookie":1,"born_in_chaos_v1:pieceofdarkmetal":6,"minecraft:carrot":1,"minecraft:dark_oak_planks":1,"croptopia:grape":1,"minecraft:arrow":41,"biomesoplenty:jacaranda_log":50,"minecraft:pumpkin_pie":1,"minecraft:hay_block":20,"minecraft:gold_ingot":1,"minecraft:totem_of_undying":3,"alexsmobs:kangaroo_meat":2,"minecraft:white_wool":3,"born_in_chaos_v1:corpse_maggot":18,"minecraft:basalt":1,"born_in_chaos_v1:monster_flesh":3,"cataclysm:ignitium_ingot":6,"biomeswevegone:ironwood_log":1,"iceandfire:ectoplasm":1,"biomeswevegone:maple_sapling":1,"minecraft:yellow_bed":2,"minecraft:gunpowder":3,"biomeswevegone:mahogany_sapling":13,"minecraft:stone_bricks":5,"iceandfire:pixie_jar_empty":1,"minecraft:spruce_wood":6,"minecraft:iron_ingot":8,"minecraft:cooked_chicken":2,"minecraft:glass_bottle":2,"minecraft:acacia_sapling":1,"minecraft:iron_sword":3,"iceandfire:fire_dragon_flesh":2,"knightlib:great_essence":10,"iceandfire:copper_nugget":22,"minecraft:smooth_basalt":6,"minecraft:emerald_block":1,"biomeswevegone:mahogany_log":57,"croptopia:starfruit":1,"minecraft:stone_brick_slab":4,"born_in_chaos_v1:black_argillitepressureplate":1,"born_in_chaos_v1:ethereal_spirit":1,"minecraft:white_bed":3,"minecraft:spruce_log":1,"minecraft:spider_eye":1,"minecraft:leather_helmet":1,"biomeswevegone:cracked_sand":13,"minecraft:chainmail_leggings":1,"minecraft:iron_helmet":1,"biomeswevegone:blueberries":2,"minecraft:coal":2},"minecraft:crafted":{"biomeswevegone:mahogany_planks":228,"minecraft:chest":3,"sophisticatedbackpacks:backpack":1,"biomesoplenty:jacaranda_planks":200,"minecraft:crafting_table":9,"minecraft:wooden_pickaxe":1,"biomeswevegone:mahogany_crafting_table":1,"biomesoplenty:fir_planks":328,"minecraft:stick":172,"minecraft:iron_pickaxe":1,"minecraft:stone_sword":1,"minecraft:gold_ingot":1,"minecraft:ladder":66,"minecraft:stone_pickaxe":1,"minecraft:wheat":189,"sophisticatedbackpacks:iron_backpack":1,"minecraft:iron_sword":3,"sophisticatedbackpacks:gold_backpack":1,"minecraft:bread":65,"minecraft:golden_apple":2,"minecraft:wooden_axe":1,"minecraft:torch":80},"minecraft:killed":{"minecraft:witch":5,"born_in_chaos_v1:restless_spirit":2,"born_in_chaos_v1:zombie_lumberjack":1,"born_in_chaos_v1:door_knight_not_despawn":1,"minecraft:spider":5,"born_in_chaos_v1:baby_skeleton_minion":1,"minecraft:skeleton":38,"born_in_chaos_v1:skeleton_thrasher":1,"born_in_chaos_v1:firelight_not_despawn":1,"born_in_chaos_v1:bonescaller":1,"alexsmobs:grizzly_bear":1,"minecraft:pillager":11,"minecraft:zombie":37,"born_in_chaos_v1:dread_hound":2,"born_in_chaos_v1:corpse_fly":4,"minecraft:evoker":3,"minecraft:vex":6,"minecraft:vindicator":1,"born_in_chaos_v1:maggot":17,"iceandfire:fire_dragon":1,"born_in_chaos_v1:corpse_fish":2,"born_in_chaos_v1:spiritof_chaos":1,"minecraft:husk":40,"born_in_chaos_v1:baby_skeleton":2,"minecraft:frog":1,"born_in_chaos_v1:decrepit_skeleton":2,"iceandfire:ghost":1,"knightquest:lizzy":2,"cataclysm:ignis":2},"minecraft:used":{"minecraft:beetroot":2,"biomeswevegone:cracked_sand":2,"minecraft:ladder":55,"minecraft:chest":3,"minecraft:iron_sword":918,"minecraft:rotten_flesh":1,"minecraft:iron_chestplate":1,"minecraft:carrot":3,"born_in_chaos_v1:corpse_maggot":3,"biomesoplenty:fir_sapling":2,"minecraft:iron_helmet":1,"croptopia:peach":2,"minecraft:hay_block":2,"minecraft:cooked_cod":6,"biomeswevegone:mahogany_crafting_table":1,"minecraft:egg":3,"minecraft:potato":1,"born_in_chaos_v1:black_argillite_wall":1,"cataclysm:ignis_spawn_egg":2,"minecraft:stone_pickaxe":15,"minecraft:wooden_pickaxe":3,"biomesoplenty:fir_planks":204,"minecraft:cookie":1,"minecraft:golden_apple":5,"spartanweaponry:iron_flanged_mace":48,"biomesoplenty:jacaranda_planks":166,"minecraft:firework_rocket":3,"minecraft:melon_slice":5,"minecraft:bread":168,"minecraft:cooked_rabbit":1,"minecraft:bone_meal":1,"minecraft:netherite_sword":113,"minecraft:stone_sword":129,"minecraft:white_tulip":2,"biomeswevegone:mahogany_planks":32,"minecraft:cooked_chicken":1,"minecraft:torch":93,"minecraft:dirt":35,"minecraft:dark_oak_planks":1,"minecraft:wooden_axe":3,"minecraft:iron_boots":1,"minecraft:totem_of_undying":1,"spicy_species:flowering_cinnamon_log":1,"minecraft:cooked_beef":3,"minecraft:iron_leggings":1,"minecraft:brown_bed":1,"croptopia:grape":1,"minecraft:cooked_mutton":1,"cataclysm:desert_eye":31,"born_in_chaos_v1:black_argillite_brick_stairs":1,"minecraft:crafting_table":10,"minecraft:red_bed":1,"minecraft:white_bed":4,"minecraft:cake":5,"regions_unexplored:pine_shrub":1,"minecraft:apple":31,"minecraft:iron_pickaxe":93,"minecraft:stone_axe":35,"minecraft:potion":2,"minecraft:cooked_porkchop":2,"minecraft:yellow_bed":2,"minecraft:splash_potion":1},"minecraft:custom":{"minecraft:interact_with_crafting_table":25,"minecraft:open_barrel":100,"minecraft:eat_cake_slice":40,"minecraft:leave_game":2,"minecraft:time_since_death":49585,"minecraft:sprint_one_cm":484697,"minecraft:drop":71,"minecraft:play_time":407272,"minecraft:deaths":34,"minecraft:jump":5631,"minecraft:walk_on_water_one_cm":81896,"minecraft:interact_with_furnace":7,"minecraft:interact_with_loom":1,"minecraft:sleep_in_bed":10,"minecraft:damage_dealt":50445,"minecraft:crouch_one_cm":12066,"waystones:waystone_activated":1,"minecraft:interact_with_smoker":3,"minecraft:mob_kills":198,"minecraft:interact_with_anvil":2,"minecraft:damage_dealt_resisted":2800,"minecraft:climb_one_cm":46347,"minecraft:walk_one_cm":1316973,"minecraft:sneak_time":7777,"minecraft:walk_under_water_one_cm":35957,"minecraft:total_world_time":407272,"minecraft:time_since_rest":49069,"minecraft:damage_taken":23520,"minecraft:damage_absorbed":160,"minecraft:swim_one_cm":63857,"minecraft:fly_one_cm":1290823,"minecraft:open_chest":131,"minecraft:fall_one_cm":202352},"minecraft:broken":{"minecraft:leather_leggings":1,"minecraft:chainmail_boots":1,"minecraft:stone_axe":1,"minecraft:iron_sword":2,"minecraft:wooden_axe":1,"minecraft:leather_helmet":1,"spartanweaponry:iron_flanged_mace":1,"minecraft:stone_sword":1,"minecraft:leather_chestplate":1},"minecraft:killed_by":{"minecraft:husk":2,"minecraft:player":1},"minecraft:mined":{"minecraft:dark_oak_planks":1,"minecraft:white_bed":3,"biomeswevegone:mahogany_planks":1,"minecraft:jungle_leaves":1,"minecraft:red_nether_bricks":3,"minecraft:granite":1,"minecraft:grass_block":20,"born_in_chaos_v1:dark_metal_deposit":3,"iceandfire:lectern":1,"minecraft:spawner":19,"minecraft:magma_block":2,"biomeswevegone:white_sage":1,"born_in_chaos_v1:black_argillite_brick_stairs":7,"minecraft:black_carpet":1,"minecraft:brown_bed":1,"iceandfire:gold_pile":3,"minecraft:iron_bars":4,"minecraft:spruce_wood":8,"minecraft:red_bed":1,"minecraft:torch":8,"minecraft:calcite":2,"minecraft:melon":1,"minecraft:chest":1,"biomeswevegone:golden_spined_cactus":1,"minecraft:cobblestone":7,"minecraft:oak_planks":4,"minecraft:wall_torch":12,"minecraft:stone_stairs":1,"minecraft:dark_oak_slab":1,"born_in_chaos_v1:fired_black_argillite":1,"minecraft:lilac":1,"biomeswevegone:blueberry_bush":1,"born_in_chaos_v1:black_argillite_brick":5,"biomesoplenty:fir_log":2,"minecraft:wither_rose":1,"minecraft:grass":62,"minecraft:dirt":31,"minecraft:dispenser":1,"born_in_chaos_v1:black_argillite_wall":1,"biomeswevegone:cracked_sand":6,"minecraft:emerald_block":1,"minecraft:dark_oak_leaves":2,"biomeswevegone:bistort":1,"gravestone:gravestone":29,"minecraft:ladder":5,"biomeswevegone:mahogany_leaves":1,"born_in_chaos_v1:black_argillite":6,"minecraft:crimson_roots":1,"minecraft:hay_block":20,"born_in_chaos_v1:black_argillite_column":1,"minecraft:bookshelf":1,"biomesoplenty:high_grass":1,"minecraft:vine":3,"minecraft:stone":18,"minecraft:white_wool":3,"iceandfire:pixie_jar_empty":1,"minecraft:crafting_table":1,"biomesoplenty:fir_planks":2,"minecraft:tall_grass":8,"minecraft:copper_ore":7,"born_in_chaos_v1:chipped_black_argillite_brick":1,"biomesoplenty:sprout":1,"minecraft:spruce_log":1,"minecraft:yellow_bed":2,"minecraft:coal_ore":2,"biomesoplenty:fir_leaves":1,"minecraft:cyan_carpet":1,"minecraft:cobweb":48,"minecraft:cracked_stone_bricks":1,"minecraft:polished_andesite":1,"minecraft:fern":4},"minecraft:dropped":{"minecraft:iron_sword":4,"knightlib:small_essence":2,"biomesoplenty:fir_sapling":5,"gravestone:obituary":11,"minecraft:cooked_chicken":1,"minecraft:bread":19,"croptopia:starfruit":1,"minecraft:iron_helmet":3,"minecraft:cobblestone":3,"minecraft:stick":13,"minecraft:torch":32,"minecraft:string":1,"regions_unexplored:clover":4,"relics:blazing_flask":1,"minecraft:iron_chestplate":2,"minecraft:stone_pickaxe":1}},"DataVersion":3465}