{"stats":{"minecraft:dropped":{"gravestone:obituary":5},"minecraft:mined":{"minecraft:red_bed":1,"minecraft:crafting_table":1,"gravestone:gravestone":9,"minecraft:ladder":5,"minecraft:grass_block":17,"minecraft:tall_grass":1,"biomesoplenty:fir_log":2,"minecraft:yellow_bed":1,"minecraft:grass":3,"biomesoplenty:fir_leaves":1,"minecraft:cyan_carpet":1,"minecraft:dirt":29,"minecraft:cobweb":2,"minecraft:stone":8,"minecraft:fern":2},"minecraft:picked_up":{"minecraft:crafting_table":1,"minecraft:basalt":1,"born_in_chaos_v1:monster_flesh":1,"minecraft:ladder":2,"cataclysm:ignitium_ingot":6,"biomesoplenty:fir_sapling":7,"biomesoplenty:fir_log":82,"gravestone:obituary":8,"minecraft:yellow_bed":1,"minecraft:gunpowder":1,"minecraft:dirt":45,"minecraft:string":2,"minecraft:red_bed":1,"cataclysm:music_disc_ignis":1,"minecraft:bone":2,"minecraft:stone_bricks":5,"minecraft:cracked_stone_bricks":2,"minecraft:wheat_seeds":1,"minecraft:iron_ingot":1,"minecraft:mossy_stone_bricks":1,"minecraft:glass_bottle":2,"spartanweaponry:iron_flanged_mace":1,"knightlib:small_essence":4,"minecraft:stick":9,"minecraft:smooth_basalt":6,"minecraft:cooked_porkchop":1,"minecraft:stone_brick_slab":4,"minecraft:arrow":5,"minecraft:rotten_flesh":3,"minecraft:emerald":6,"minecraft:totem_of_undying":3,"minecraft:cobblestone":8},"minecraft:used":{"cataclysm:ignis_spawn_egg":2,"minecraft:stone_sword":83,"cataclysm:desert_eye":31,"minecraft:stone_pickaxe":5,"minecraft:ladder":4,"minecraft:wooden_pickaxe":3,"biomesoplenty:fir_planks":15,"minecraft:torch":1,"minecraft:dirt":35,"minecraft:crafting_table":1,"minecraft:red_bed":1,"spartanweaponry:iron_flanged_mace":21,"minecraft:wooden_axe":1,"biomesoplenty:fir_sapling":1,"minecraft:totem_of_undying":1,"spicy_species:flowering_cinnamon_log":1,"minecraft:cooked_porkchop":1},"minecraft:broken":{"minecraft:wooden_axe":1},"minecraft:killed":{"minecraft:evoker":3,"minecraft:vex":6,"minecraft:witch":3,"born_in_chaos_v1:maggot":1,"minecraft:skeleton":1,"minecraft:pillager":4,"minecraft:zombie":3,"cataclysm:ignis":2},"minecraft:crafted":{"minecraft:wooden_pickaxe":1,"biomesoplenty:fir_planks":68,"minecraft:ladder":15,"minecraft:stick":92,"minecraft:stone_pickaxe":1,"minecraft:wooden_axe":1,"minecraft:stone_sword":1},"minecraft:custom":{"minecraft:mob_kills":25,"minecraft:interact_with_crafting_table":5,"minecraft:leave_game":1,"minecraft:time_since_death":803,"minecraft:climb_one_cm":5367,"minecraft:time_since_rest":836,"minecraft:sprint_one_cm":33200,"minecraft:damage_taken":5710,"minecraft:walk_one_cm":142654,"minecraft:drop":5,"minecraft:damage_dealt":14129,"minecraft:swim_one_cm":6133,"minecraft:fly_one_cm":151252,"minecraft:open_chest":14,"minecraft:crouch_one_cm":49,"minecraft:play_time":52380,"minecraft:deaths":11,"minecraft:sneak_time":575,"minecraft:walk_under_water_one_cm":4138,"minecraft:jump":594,"minecraft:walk_on_water_one_cm":6559,"minecraft:total_world_time":52380,"minecraft:fall_one_cm":43834}},"DataVersion":3465}