{"stats":{"minecraft:dropped":{"gravestone:obituary":1},"minecraft:mined":{"biomesoplenty:fir_log":2,"minecraft:crafting_table":1,"gravestone:gravestone":1,"minecraft:grass":2,"minecraft:grass_block":9,"minecraft:cyan_carpet":1,"minecraft:tall_grass":1,"minecraft:stone":8,"minecraft:fern":2},"minecraft:picked_up":{"minecraft:crafting_table":1,"minecraft:stick":7,"minecraft:smooth_basalt":6,"minecraft:basalt":1,"cataclysm:ignitium_ingot":6,"minecraft:stone_brick_slab":4,"biomesoplenty:fir_sapling":7,"biomesoplenty:fir_log":82,"minecraft:dirt":9,"cataclysm:music_disc_ignis":1,"minecraft:bone":2,"minecraft:rotten_flesh":3,"minecraft:stone_bricks":5,"minecraft:cracked_stone_bricks":2,"minecraft:wheat_seeds":1,"minecraft:iron_ingot":1,"minecraft:mossy_stone_bricks":1,"spartanweaponry:iron_flanged_mace":1,"minecraft:cobblestone":8,"knightlib:small_essence":1},"minecraft:used":{"cataclysm:ignis_spawn_egg":2,"minecraft:wooden_axe":1,"minecraft:stone_sword":11,"cataclysm:desert_eye":31,"biomesoplenty:fir_sapling":1,"minecraft:stone_pickaxe":5,"minecraft:wooden_pickaxe":3,"biomesoplenty:fir_planks":15,"minecraft:torch":1,"spicy_species:flowering_cinnamon_log":1,"minecraft:crafting_table":1,"spartanweaponry:iron_flanged_mace":4},"minecraft:broken":{"minecraft:wooden_axe":1},"minecraft:killed":{"minecraft:skeleton":1,"minecraft:zombie":3,"cataclysm:ignis":2,"born_in_chaos_v1:maggot":1},"minecraft:crafted":{"biomesoplenty:fir_planks":68,"minecraft:stick":4,"minecraft:wooden_axe":1,"minecraft:wooden_pickaxe":1,"minecraft:stone_pickaxe":1,"minecraft:stone_sword":1},"minecraft:custom":{"minecraft:time_since_rest":2560,"minecraft:sprint_one_cm":13976,"minecraft:damage_taken":2515,"minecraft:walk_one_cm":54621,"minecraft:mob_kills":7,"minecraft:drop":1,"minecraft:damage_dealt":11001,"minecraft:interact_with_crafting_table":4,"minecraft:fly_one_cm":120841,"minecraft:open_chest":4,"minecraft:crouch_one_cm":47,"minecraft:play_time":28380,"minecraft:deaths":2,"minecraft:sneak_time":444,"minecraft:walk_under_water_one_cm":2913,"minecraft:jump":262,"minecraft:leave_game":1,"minecraft:time_since_death":2535,"minecraft:walk_on_water_one_cm":2182,"minecraft:climb_one_cm":180,"minecraft:total_world_time":28380,"minecraft:fall_one_cm":27504}},"DataVersion":3465}