{"stats":{"minecraft:killed":{"minecraft:evoker":3,"minecraft:vex":6,"minecraft:witch":5,"born_in_chaos_v1:zombie_lumberjack":1,"born_in_chaos_v1:restless_spirit":2,"born_in_chaos_v1:door_knight_not_despawn":1,"minecraft:spider":4,"born_in_chaos_v1:baby_skeleton_minion":1,"born_in_chaos_v1:maggot":12,"minecraft:skeleton":36,"born_in_chaos_v1:skeleton_thrasher":1,"born_in_chaos_v1:firelight_not_despawn":1,"born_in_chaos_v1:spiritof_chaos":1,"minecraft:husk":32,"born_in_chaos_v1:bonescaller":1,"born_in_chaos_v1:baby_skeleton":2,"minecraft:frog":1,"born_in_chaos_v1:decrepit_skeleton":2,"minecraft:pillager":7,"minecraft:zombie":7,"iceandfire:ghost":1,"born_in_chaos_v1:dread_hound":2,"knightquest:lizzy":2,"born_in_chaos_v1:corpse_fly":2,"cataclysm:ignis":2},"minecraft:crafted":{"minecraft:ladder":15,"minecraft:stone_pickaxe":1,"minecraft:chest":3,"sophisticatedbackpacks:backpack":1,"minecraft:crafting_table":4,"minecraft:wooden_pickaxe":1,"minecraft:iron_sword":2,"biomesoplenty:fir_planks":328,"minecraft:stick":92,"minecraft:iron_pickaxe":1,"minecraft:wooden_axe":1,"minecraft:stone_sword":1,"minecraft:torch":80},"minecraft:mined":{"minecraft:red_nether_bricks":3,"minecraft:ladder":5,"gravestone:gravestone":24,"born_in_chaos_v1:dark_metal_deposit":3,"minecraft:grass_block":19,"born_in_chaos_v1:black_argillite":6,"minecraft:crimson_roots":1,"minecraft:spawner":12,"born_in_chaos_v1:black_argillite_column":1,"minecraft:magma_block":2,"born_in_chaos_v1:black_argillite_brick_stairs":7,"minecraft:black_carpet":1,"minecraft:brown_bed":1,"minecraft:bookshelf":1,"biomesoplenty:high_grass":1,"minecraft:iron_bars":4,"minecraft:stone":8,"minecraft:red_bed":1,"minecraft:crafting_table":1,"minecraft:torch":2,"minecraft:calcite":2,"biomesoplenty:fir_planks":2,"minecraft:melon":1,"minecraft:chest":1,"minecraft:copper_ore":7,"minecraft:tall_grass":5,"minecraft:cobblestone":7,"born_in_chaos_v1:chipped_black_argillite_brick":1,"biomesoplenty:sprout":1,"minecraft:oak_planks":4,"minecraft:wall_torch":3,"minecraft:dark_oak_slab":1,"born_in_chaos_v1:fired_black_argillite":1,"minecraft:lilac":1,"born_in_chaos_v1:black_argillite_brick":5,"biomesoplenty:fir_log":2,"minecraft:yellow_bed":2,"minecraft:grass":50,"biomesoplenty:fir_leaves":1,"minecraft:cyan_carpet":1,"minecraft:dirt":31,"minecraft:cobweb":48,"minecraft:cracked_stone_bricks":1,"minecraft:polished_andesite":1,"born_in_chaos_v1:black_argillite_wall":1,"minecraft:fern":4},"minecraft:picked_up":{"minecraft:crafting_table":1,"minecraft:black_carpet":1,"minecraft:wheat":50,"minecraft:ladder":2,"croptopia:peach":2,"minecraft:redstone_lamp":8,"minecraft:leather_leggings":3,"minecraft:brown_bed":1,"minecraft:enchanted_book":1,"minecraft:potion":2,"born_in_chaos_v1:black_argillite_wall":1,"gravestone:obituary":10,"born_in_chaos_v1:fired_black_argillite":1,"born_in_chaos_v1:black_argillite":3,"minecraft:raw_copper":27,"born_in_chaos_v1:black_argillite_column":1,"minecraft:string":48,"minecraft:red_bed":1,"minecraft:red_nether_bricks":3,"minecraft:armor_stand":4,"minecraft:item_frame":3,"minecraft:zombie_head":1,"born_in_chaos_v1:black_argillite_brick":2,"minecraft:cracked_stone_bricks":2,"biomesoplenty:fir_planks":2,"minecraft:calcite":2,"minecraft:spruce_slab":1,"minecraft:melon_slice":5,"minecraft:chest":1,"relics:blazing_flask":1,"spartanweaponry:iron_flanged_mace":1,"regions_unexplored:pine_shrub":1,"knightlib:small_essence":19,"minecraft:stick":10,"minecraft:torch":24,"biomesoplenty:orange_maple_sapling":1,"minecraft:cookie":1,"minecraft:carrot":1,"born_in_chaos_v1:pieceofdarkmetal":6,"born_in_chaos_v1:black_argillite_brick_stairs":3,"minecraft:arrow":37,"minecraft:rotten_flesh":35,"minecraft:pumpkin_pie":1,"minecraft:gold_ingot":1,"minecraft:totem_of_undying":3,"minecraft:iron_bars":4,"minecraft:cobblestone":12,"born_in_chaos_v1:corpse_maggot":8,"minecraft:magma_block":1,"minecraft:leather_chestplate":2,"butchersdelightfoods:beeftenderloin":1,"minecraft:basalt":1,"minecraft:repeater":1,"born_in_chaos_v1:monster_flesh":3,"cataclysm:ignitium_ingot":6,"biomesoplenty:fir_sapling":7,"biomesoplenty:fir_log":82,"iceandfire:ectoplasm":1,"minecraft:yellow_bed":2,"minecraft:gunpowder":3,"minecraft:dirt":47,"minecraft:leather_boots":1,"born_in_chaos_v1:monster_skin":1,"biomesoplenty:snowblossom_sapling":1,"cataclysm:music_disc_ignis":1,"minecraft:bone":35,"minecraft:stone_bricks":5,"minecraft:wheat_seeds":4,"minecraft:iron_ingot":8,"minecraft:cooked_chicken":2,"minecraft:mossy_stone_bricks":1,"minecraft:glass_bottle":2,"minecraft:oak_planks":4,"minecraft:iron_sword":2,"knightlib:great_essence":7,"minecraft:smooth_basalt":6,"minecraft:cooked_porkchop":2,"minecraft:stone_brick_slab":4,"born_in_chaos_v1:ethereal_spirit":1,"born_in_chaos_v1:black_argillitepressureplate":1,"minecraft:spider_eye":1,"minecraft:leather_helmet":1,"minecraft:polished_andesite":1,"minecraft:sugar":2,"born_in_chaos_v1:fire_dust":1,"minecraft:diamond":1,"waystones:waystone":1,"regions_unexplored:clover":5,"minecraft:crossbow":1,"minecraft:golden_apple":1,"minecraft:spruce_sign":2,"minecraft:emerald":8,"minecraft:bread":69,"minecraft:crimson_roots":1},"minecraft:broken":{"minecraft:leather_helmet":1,"spartanweaponry:iron_flanged_mace":1,"minecraft:stone_sword":1,"minecraft:leather_leggings":1,"minecraft:leather_chestplate":1,"minecraft:iron_sword":1,"minecraft:wooden_axe":1},"minecraft:used":{"minecraft:beetroot":2,"minecraft:netherite_sword":68,"minecraft:stone_sword":129,"minecraft:ladder":4,"minecraft:chest":3,"minecraft:iron_sword":518,"minecraft:cooked_chicken":1,"minecraft:torch":46,"minecraft:dirt":35,"minecraft:carrot":3,"born_in_chaos_v1:corpse_maggot":2,"minecraft:wooden_axe":1,"biomesoplenty:fir_sapling":2,"minecraft:totem_of_undying":1,"spicy_species:flowering_cinnamon_log":1,"croptopia:peach":2,"minecraft:egg":3,"minecraft:brown_bed":1,"born_in_chaos_v1:black_argillite_wall":1,"cataclysm:ignis_spawn_egg":2,"cataclysm:desert_eye":31,"minecraft:stone_pickaxe":15,"minecraft:wooden_pickaxe":3,"biomesoplenty:fir_planks":179,"minecraft:cookie":1,"born_in_chaos_v1:black_argillite_brick_stairs":1,"minecraft:golden_apple":1,"minecraft:crafting_table":5,"minecraft:red_bed":1,"spartanweaponry:iron_flanged_mace":48,"minecraft:cake":5,"regions_unexplored:pine_shrub":1,"minecraft:apple":13,"minecraft:bread":70,"minecraft:melon_slice":5,"minecraft:iron_pickaxe":62,"minecraft:stone_axe":21,"minecraft:potion":2,"minecraft:cooked_porkchop":2,"minecraft:yellow_bed":2},"minecraft:custom":{"minecraft:interact_with_anvil":1,"minecraft:mob_kills":137,"minecraft:interact_with_crafting_table":16,"minecraft:open_barrel":63,"minecraft:damage_dealt_resisted":2800,"minecraft:eat_cake_slice":35,"minecraft:leave_game":1,"minecraft:time_since_death":5317,"minecraft:climb_one_cm":29356,"minecraft:sprint_one_cm":246065,"minecraft:walk_one_cm":816480,"minecraft:drop":49,"minecraft:play_time":231097,"minecraft:deaths":29,"minecraft:sneak_time":4057,"minecraft:walk_under_water_one_cm":15165,"minecraft:jump":2603,"minecraft:walk_on_water_one_cm":36447,"minecraft:total_world_time":231097,"minecraft:interact_with_furnace":3,"minecraft:interact_with_loom":1,"minecraft:sleep_in_bed":3,"minecraft:time_since_rest":5356,"minecraft:damage_taken":15979,"minecraft:damage_absorbed":40,"minecraft:damage_dealt":35018,"minecraft:swim_one_cm":16577,"minecraft:fly_one_cm":510077,"minecraft:open_chest":63,"minecraft:crouch_one_cm":4869,"waystones:waystone_activated":1,"minecraft:interact_with_smoker":1,"minecraft:fall_one_cm":114975},"minecraft:killed_by":{"minecraft:husk":1},"minecraft:dropped":{"minecraft:bread":8,"minecraft:iron_sword":2,"minecraft:cobblestone":3,"biomesoplenty:fir_sapling":5,"minecraft:stick":13,"minecraft:torch":32,"gravestone:obituary":11,"minecraft:cooked_chicken":1,"regions_unexplored:clover":4,"relics:blazing_flask":1,"minecraft:stone_pickaxe":1}},"DataVersion":3465}