{"stats":{"minecraft:killed":{"minecraft:evoker":3,"minecraft:vex":6,"minecraft:witch":4,"born_in_chaos_v1:restless_spirit":2,"born_in_chaos_v1:door_knight_not_despawn":1,"minecraft:spider":4,"born_in_chaos_v1:maggot":12,"minecraft:skeleton":31,"born_in_chaos_v1:firelight_not_despawn":1,"minecraft:husk":32,"born_in_chaos_v1:baby_skeleton":2,"minecraft:frog":1,"born_in_chaos_v1:decrepit_skeleton":2,"minecraft:pillager":6,"minecraft:zombie":5,"iceandfire:ghost":1,"born_in_chaos_v1:dread_hound":1,"knightquest:lizzy":2,"born_in_chaos_v1:corpse_fly":2,"cataclysm:ignis":2},"minecraft:crafted":{"minecraft:ladder":15,"minecraft:stone_pickaxe":1,"minecraft:chest":3,"sophisticatedbackpacks:backpack":1,"minecraft:crafting_table":3,"minecraft:wooden_pickaxe":1,"biomesoplenty:fir_planks":328,"minecraft:stick":92,"minecraft:iron_pickaxe":1,"minecraft:wooden_axe":1,"minecraft:stone_sword":1,"minecraft:torch":80},"minecraft:mined":{"minecraft:red_nether_bricks":3,"minecraft:ladder":5,"gravestone:gravestone":23,"born_in_chaos_v1:dark_metal_deposit":3,"minecraft:grass_block":18,"born_in_chaos_v1:black_argillite":6,"minecraft:crimson_roots":1,"minecraft:spawner":8,"born_in_chaos_v1:black_argillite_column":1,"minecraft:magma_block":2,"born_in_chaos_v1:black_argillite_brick_stairs":7,"minecraft:bookshelf":1,"biomesoplenty:high_grass":1,"minecraft:iron_bars":4,"minecraft:stone":8,"minecraft:red_bed":1,"minecraft:crafting_table":1,"minecraft:torch":1,"minecraft:calcite":2,"biomesoplenty:fir_planks":2,"minecraft:melon":1,"minecraft:chest":1,"minecraft:tall_grass":3,"minecraft:cobblestone":6,"born_in_chaos_v1:chipped_black_argillite_brick":1,"minecraft:dark_oak_slab":1,"born_in_chaos_v1:fired_black_argillite":1,"born_in_chaos_v1:black_argillite_brick":5,"biomesoplenty:fir_log":2,"minecraft:yellow_bed":1,"minecraft:grass":39,"biomesoplenty:fir_leaves":1,"minecraft:cyan_carpet":1,"minecraft:dirt":31,"minecraft:cobweb":2,"minecraft:cracked_stone_bricks":1,"minecraft:polished_andesite":1,"born_in_chaos_v1:black_argillite_wall":1,"minecraft:fern":4},"minecraft:picked_up":{"minecraft:crafting_table":1,"minecraft:wheat":50,"minecraft:ladder":2,"croptopia:peach":2,"minecraft:redstone_lamp":8,"minecraft:leather_leggings":2,"minecraft:potion":2,"born_in_chaos_v1:black_argillite_wall":1,"gravestone:obituary":9,"born_in_chaos_v1:fired_black_argillite":1,"born_in_chaos_v1:black_argillite":3,"born_in_chaos_v1:black_argillite_column":1,"minecraft:string":4,"minecraft:red_bed":1,"minecraft:red_nether_bricks":3,"minecraft:armor_stand":2,"minecraft:item_frame":3,"minecraft:zombie_head":1,"born_in_chaos_v1:black_argillite_brick":2,"minecraft:cracked_stone_bricks":2,"biomesoplenty:fir_planks":2,"minecraft:calcite":2,"minecraft:spruce_slab":1,"minecraft:melon_slice":5,"minecraft:chest":1,"relics:blazing_flask":1,"spartanweaponry:iron_flanged_mace":1,"regions_unexplored:pine_shrub":1,"knightlib:small_essence":16,"minecraft:stick":9,"minecraft:torch":20,"biomesoplenty:orange_maple_sapling":1,"minecraft:cookie":1,"minecraft:carrot":1,"born_in_chaos_v1:pieceofdarkmetal":1,"born_in_chaos_v1:black_argillite_brick_stairs":3,"minecraft:arrow":31,"minecraft:rotten_flesh":35,"minecraft:pumpkin_pie":1,"minecraft:gold_ingot":1,"minecraft:totem_of_undying":3,"minecraft:iron_bars":4,"minecraft:cobblestone":11,"born_in_chaos_v1:corpse_maggot":8,"minecraft:magma_block":1,"minecraft:leather_chestplate":1,"butchersdelightfoods:beeftenderloin":1,"minecraft:basalt":1,"minecraft:repeater":1,"born_in_chaos_v1:monster_flesh":2,"cataclysm:ignitium_ingot":6,"biomesoplenty:fir_sapling":7,"biomesoplenty:fir_log":82,"iceandfire:ectoplasm":1,"minecraft:yellow_bed":1,"minecraft:gunpowder":1,"minecraft:dirt":46,"biomesoplenty:snowblossom_sapling":1,"cataclysm:music_disc_ignis":1,"minecraft:bone":21,"minecraft:stone_bricks":5,"minecraft:wheat_seeds":4,"minecraft:iron_ingot":2,"minecraft:cooked_chicken":2,"minecraft:mossy_stone_bricks":1,"minecraft:glass_bottle":2,"minecraft:iron_sword":2,"knightlib:great_essence":3,"minecraft:smooth_basalt":6,"minecraft:cooked_porkchop":1,"minecraft:stone_brick_slab":4,"born_in_chaos_v1:ethereal_spirit":1,"born_in_chaos_v1:black_argillitepressureplate":1,"minecraft:spider_eye":1,"minecraft:polished_andesite":1,"minecraft:sugar":2,"born_in_chaos_v1:fire_dust":1,"minecraft:diamond":1,"waystones:waystone":1,"regions_unexplored:clover":5,"minecraft:crossbow":1,"minecraft:golden_apple":1,"minecraft:spruce_sign":2,"minecraft:emerald":8,"minecraft:bread":46,"minecraft:crimson_roots":1},"minecraft:broken":{"spartanweaponry:iron_flanged_mace":1,"minecraft:stone_sword":1,"minecraft:leather_leggings":1,"minecraft:leather_chestplate":1,"minecraft:wooden_axe":1},"minecraft:used":{"minecraft:beetroot":2,"minecraft:netherite_sword":68,"minecraft:stone_sword":129,"minecraft:ladder":4,"minecraft:chest":3,"minecraft:iron_sword":312,"minecraft:cooked_chicken":1,"minecraft:torch":22,"minecraft:dirt":35,"minecraft:carrot":3,"born_in_chaos_v1:corpse_maggot":2,"minecraft:wooden_axe":1,"biomesoplenty:fir_sapling":2,"minecraft:totem_of_undying":1,"spicy_species:flowering_cinnamon_log":1,"croptopia:peach":2,"born_in_chaos_v1:black_argillite_wall":1,"cataclysm:ignis_spawn_egg":2,"cataclysm:desert_eye":31,"minecraft:stone_pickaxe":15,"minecraft:wooden_pickaxe":3,"biomesoplenty:fir_planks":179,"minecraft:cookie":1,"born_in_chaos_v1:black_argillite_brick_stairs":1,"minecraft:golden_apple":1,"minecraft:crafting_table":4,"minecraft:red_bed":1,"spartanweaponry:iron_flanged_mace":48,"minecraft:cake":2,"regions_unexplored:pine_shrub":1,"minecraft:apple":13,"minecraft:bread":40,"minecraft:melon_slice":5,"minecraft:iron_pickaxe":49,"minecraft:stone_axe":1,"minecraft:potion":2,"minecraft:cooked_porkchop":1,"minecraft:yellow_bed":1},"minecraft:custom":{"minecraft:interact_with_anvil":1,"minecraft:mob_kills":122,"minecraft:interact_with_crafting_table":13,"minecraft:open_barrel":40,"minecraft:damage_dealt_resisted":1194,"minecraft:eat_cake_slice":24,"minecraft:leave_game":1,"minecraft:time_since_death":22546,"minecraft:climb_one_cm":26414,"minecraft:sprint_one_cm":189969,"minecraft:walk_one_cm":609624,"minecraft:drop":47,"minecraft:play_time":195097,"minecraft:deaths":28,"minecraft:sneak_time":3993,"minecraft:walk_under_water_one_cm":13405,"minecraft:jump":2205,"minecraft:walk_on_water_one_cm":30577,"minecraft:total_world_time":195097,"minecraft:interact_with_furnace":1,"minecraft:sleep_in_bed":3,"minecraft:time_since_rest":9715,"minecraft:damage_taken":14128,"minecraft:damage_absorbed":40,"minecraft:damage_dealt":31127,"minecraft:swim_one_cm":14369,"minecraft:fly_one_cm":453116,"minecraft:open_chest":49,"minecraft:crouch_one_cm":4868,"waystones:waystone_activated":1,"minecraft:fall_one_cm":105919},"minecraft:killed_by":{"minecraft:husk":1},"minecraft:dropped":{"minecraft:bread":8,"minecraft:iron_sword":1,"minecraft:cobblestone":3,"biomesoplenty:fir_sapling":5,"minecraft:stick":13,"minecraft:torch":32,"gravestone:obituary":10,"minecraft:cooked_chicken":1,"regions_unexplored:clover":4,"relics:blazing_flask":1,"minecraft:stone_pickaxe":1}},"DataVersion":3465}