{"stats":{"minecraft:dropped":{"minecraft:bread":8,"minecraft:iron_sword":2,"minecraft:cobblestone":3,"biomesoplenty:fir_sapling":5,"minecraft:stick":13,"minecraft:torch":32,"gravestone:obituary":11,"minecraft:cooked_chicken":1,"regions_unexplored:clover":4,"relics:blazing_flask":1,"minecraft:stone_pickaxe":1},"minecraft:mined":{"minecraft:white_bed":2,"minecraft:red_nether_bricks":3,"minecraft:ladder":5,"gravestone:gravestone":24,"minecraft:grass_block":20,"born_in_chaos_v1:dark_metal_deposit":3,"born_in_chaos_v1:black_argillite":6,"minecraft:crimson_roots":1,"minecraft:spawner":12,"born_in_chaos_v1:black_argillite_column":1,"minecraft:magma_block":2,"born_in_chaos_v1:black_argillite_brick_stairs":7,"minecraft:black_carpet":1,"minecraft:brown_bed":1,"minecraft:bookshelf":1,"biomesoplenty:high_grass":1,"minecraft:iron_bars":4,"minecraft:spruce_wood":8,"minecraft:stone":8,"minecraft:red_bed":1,"minecraft:crafting_table":1,"minecraft:torch":4,"minecraft:calcite":2,"biomesoplenty:fir_planks":2,"minecraft:melon":1,"minecraft:chest":1,"minecraft:tall_grass":5,"minecraft:copper_ore":7,"minecraft:cobblestone":7,"born_in_chaos_v1:chipped_black_argillite_brick":1,"biomesoplenty:sprout":1,"minecraft:oak_planks":4,"minecraft:wall_torch":10,"minecraft:dark_oak_slab":1,"born_in_chaos_v1:fired_black_argillite":1,"minecraft:lilac":1,"minecraft:spruce_log":1,"minecraft:wither_rose":1,"born_in_chaos_v1:black_argillite_brick":5,"biomesoplenty:fir_log":2,"minecraft:yellow_bed":2,"minecraft:grass":50,"biomesoplenty:fir_leaves":1,"minecraft:cyan_carpet":1,"minecraft:dirt":31,"minecraft:cobweb":48,"minecraft:cracked_stone_bricks":1,"minecraft:dispenser":1,"minecraft:polished_andesite":1,"born_in_chaos_v1:black_argillite_wall":1,"minecraft:fern":4},"minecraft:picked_up":{"minecraft:crafting_table":1,"minecraft:wheat":50,"minecraft:black_carpet":1,"croptopia:grape_seed":1,"minecraft:ladder":2,"croptopia:peach":2,"minecraft:redstone_lamp":8,"minecraft:leather_leggings":3,"minecraft:brown_bed":1,"biomesoplenty:jacaranda_sapling":21,"minecraft:potion":2,"minecraft:wither_rose":1,"minecraft:enchanted_book":1,"gravestone:obituary":10,"born_in_chaos_v1:black_argillite_wall":1,"born_in_chaos_v1:fired_black_argillite":1,"born_in_chaos_v1:black_argillite":3,"born_in_chaos_v1:black_argillite_column":1,"minecraft:string":48,"minecraft:red_bed":1,"minecraft:raw_copper":27,"minecraft:red_nether_bricks":3,"minecraft:item_frame":3,"minecraft:armor_stand":5,"born_in_chaos_v1:black_argillite_brick":2,"minecraft:zombie_head":1,"minecraft:cracked_stone_bricks":2,"biomesoplenty:fir_planks":2,"minecraft:calcite":2,"minecraft:spruce_slab":1,"minecraft:minecart":1,"minecraft:melon_slice":5,"minecraft:chest":1,"relics:blazing_flask":1,"spartanweaponry:iron_flanged_mace":1,"regions_unexplored:pine_shrub":1,"knightlib:small_essence":19,"minecraft:stick":30,"minecraft:stripped_mangrove_wood":1,"minecraft:torch":33,"biomesoplenty:orange_maple_sapling":1,"minecraft:cookie":1,"born_in_chaos_v1:black_argillite_brick_stairs":3,"born_in_chaos_v1:pieceofdarkmetal":6,"minecraft:carrot":1,"croptopia:grape":1,"minecraft:arrow":37,"biomesoplenty:jacaranda_log":50,"minecraft:rotten_flesh":41,"minecraft:pumpkin_pie":1,"minecraft:gold_ingot":1,"minecraft:totem_of_undying":3,"minecraft:iron_bars":4,"minecraft:cobblestone":12,"born_in_chaos_v1:corpse_maggot":13,"minecraft:magma_block":1,"minecraft:leather_chestplate":4,"butchersdelightfoods:beeftenderloin":1,"minecraft:basalt":1,"minecraft:repeater":1,"born_in_chaos_v1:monster_flesh":3,"cataclysm:ignitium_ingot":6,"biomesoplenty:fir_sapling":7,"biomesoplenty:fir_log":82,"iceandfire:ectoplasm":1,"minecraft:yellow_bed":2,"minecraft:gunpowder":3,"minecraft:dirt":47,"biomesoplenty:snowblossom_sapling":1,"born_in_chaos_v1:monster_skin":1,"minecraft:leather_boots":1,"cataclysm:music_disc_ignis":1,"minecraft:bone":35,"minecraft:stone_bricks":5,"minecraft:wheat_seeds":4,"minecraft:spruce_wood":6,"minecraft:iron_ingot":8,"minecraft:cooked_chicken":2,"minecraft:mossy_stone_bricks":1,"minecraft:glass_bottle":2,"minecraft:acacia_sapling":1,"minecraft:iron_sword":2,"minecraft:oak_planks":4,"knightlib:great_essence":8,"minecraft:smooth_basalt":6,"minecraft:cooked_porkchop":2,"minecraft:stone_brick_slab":4,"born_in_chaos_v1:black_argillitepressureplate":1,"born_in_chaos_v1:ethereal_spirit":1,"minecraft:white_bed":2,"minecraft:spruce_log":1,"minecraft:spider_eye":1,"minecraft:leather_helmet":1,"minecraft:polished_andesite":1,"minecraft:dispenser":1,"minecraft:sugar":2,"born_in_chaos_v1:fire_dust":1,"minecraft:diamond":1,"waystones:waystone":1,"minecraft:chainmail_leggings":1,"regions_unexplored:clover":5,"minecraft:crossbow":1,"minecraft:golden_apple":1,"minecraft:spruce_sign":2,"minecraft:emerald":8,"minecraft:chainmail_helmet":1,"minecraft:bread":69,"minecraft:crimson_roots":1},"minecraft:used":{"minecraft:beetroot":2,"minecraft:netherite_sword":68,"minecraft:stone_sword":129,"minecraft:ladder":4,"minecraft:chest":3,"minecraft:iron_sword":538,"minecraft:cooked_chicken":1,"minecraft:rotten_flesh":1,"minecraft:torch":59,"minecraft:dirt":35,"minecraft:carrot":3,"born_in_chaos_v1:corpse_maggot":2,"minecraft:wooden_axe":1,"biomesoplenty:fir_sapling":2,"minecraft:totem_of_undying":1,"spicy_species:flowering_cinnamon_log":1,"croptopia:peach":2,"minecraft:egg":3,"born_in_chaos_v1:black_argillite_wall":1,"minecraft:brown_bed":1,"cataclysm:ignis_spawn_egg":2,"cataclysm:desert_eye":31,"minecraft:stone_pickaxe":15,"minecraft:wooden_pickaxe":3,"biomesoplenty:fir_planks":203,"minecraft:cookie":1,"born_in_chaos_v1:black_argillite_brick_stairs":1,"minecraft:golden_apple":1,"minecraft:crafting_table":5,"minecraft:red_bed":1,"spartanweaponry:iron_flanged_mace":48,"minecraft:white_bed":2,"minecraft:cake":5,"regions_unexplored:pine_shrub":1,"minecraft:firework_rocket":3,"minecraft:apple":13,"minecraft:bread":92,"minecraft:melon_slice":5,"minecraft:iron_pickaxe":63,"minecraft:stone_axe":34,"minecraft:potion":2,"minecraft:cooked_porkchop":2,"minecraft:yellow_bed":2},"minecraft:killed_by":{"minecraft:husk":1},"minecraft:broken":{"minecraft:leather_helmet":1,"spartanweaponry:iron_flanged_mace":1,"minecraft:stone_sword":1,"minecraft:leather_leggings":1,"minecraft:leather_chestplate":1,"minecraft:iron_sword":1,"minecraft:wooden_axe":1},"minecraft:killed":{"minecraft:evoker":3,"minecraft:vex":6,"minecraft:witch":5,"born_in_chaos_v1:zombie_lumberjack":1,"born_in_chaos_v1:restless_spirit":2,"born_in_chaos_v1:door_knight_not_despawn":1,"minecraft:spider":4,"born_in_chaos_v1:baby_skeleton_minion":1,"born_in_chaos_v1:maggot":12,"minecraft:skeleton":37,"born_in_chaos_v1:skeleton_thrasher":1,"born_in_chaos_v1:firelight_not_despawn":1,"born_in_chaos_v1:spiritof_chaos":1,"minecraft:husk":32,"born_in_chaos_v1:bonescaller":1,"born_in_chaos_v1:baby_skeleton":2,"minecraft:frog":1,"born_in_chaos_v1:decrepit_skeleton":2,"minecraft:pillager":7,"minecraft:zombie":7,"iceandfire:ghost":1,"born_in_chaos_v1:dread_hound":2,"knightquest:lizzy":2,"born_in_chaos_v1:corpse_fly":4,"cataclysm:ignis":2},"minecraft:crafted":{"minecraft:ladder":15,"minecraft:stone_pickaxe":1,"minecraft:chest":3,"sophisticatedbackpacks:backpack":1,"minecraft:crafting_table":4,"minecraft:wooden_pickaxe":1,"minecraft:iron_sword":2,"biomesoplenty:fir_planks":328,"minecraft:stick":92,"minecraft:iron_pickaxe":1,"minecraft:wooden_axe":1,"minecraft:stone_sword":1,"minecraft:torch":80},"minecraft:custom":{"minecraft:interact_with_anvil":2,"minecraft:mob_kills":140,"minecraft:interact_with_crafting_table":16,"minecraft:open_barrel":73,"minecraft:damage_dealt_resisted":2800,"minecraft:eat_cake_slice":40,"minecraft:leave_game":1,"minecraft:time_since_death":40424,"minecraft:climb_one_cm":32216,"minecraft:sprint_one_cm":302790,"minecraft:walk_one_cm":966632,"minecraft:drop":49,"minecraft:play_time":266204,"minecraft:deaths":29,"minecraft:sneak_time":4309,"minecraft:walk_under_water_one_cm":15750,"minecraft:jump":3196,"minecraft:walk_on_water_one_cm":46742,"minecraft:total_world_time":266204,"minecraft:interact_with_furnace":3,"minecraft:interact_with_loom":1,"minecraft:sleep_in_bed":9,"minecraft:time_since_rest":3617,"minecraft:damage_taken":17181,"minecraft:damage_absorbed":40,"minecraft:damage_dealt":35562,"minecraft:swim_one_cm":24564,"minecraft:fly_one_cm":584899,"minecraft:open_chest":70,"minecraft:crouch_one_cm":5343,"waystones:waystone_activated":1,"minecraft:interact_with_smoker":1,"minecraft:fall_one_cm":137002}},"DataVersion":3465}