{"stats":{"minecraft:dropped":{"minecraft:bread":4,"minecraft:cooked_chicken":1,"biomesoplenty:fir_sapling":5,"minecraft:stick":13,"gravestone:obituary":6},"minecraft:mined":{"minecraft:red_bed":1,"minecraft:red_nether_bricks":3,"minecraft:crafting_table":1,"gravestone:gravestone":11,"minecraft:ladder":5,"minecraft:calcite":2,"minecraft:grass_block":18,"minecraft:melon":1,"minecraft:chest":1,"minecraft:tall_grass":2,"minecraft:spawner":2,"biomesoplenty:fir_log":2,"minecraft:yellow_bed":1,"minecraft:grass":22,"biomesoplenty:fir_leaves":1,"minecraft:cyan_carpet":1,"minecraft:dirt":29,"minecraft:cobweb":2,"minecraft:stone":8,"minecraft:fern":4},"minecraft:picked_up":{"minecraft:crafting_table":1,"minecraft:leather_chestplate":1,"butchersdelightfoods:beeftenderloin":1,"minecraft:basalt":1,"born_in_chaos_v1:monster_flesh":1,"minecraft:ladder":2,"minecraft:leather_leggings":2,"cataclysm:ignitium_ingot":6,"biomesoplenty:fir_sapling":7,"biomesoplenty:fir_log":82,"minecraft:potion":2,"gravestone:obituary":8,"minecraft:yellow_bed":1,"minecraft:gunpowder":1,"minecraft:dirt":46,"minecraft:string":2,"minecraft:red_bed":1,"minecraft:red_nether_bricks":3,"minecraft:armor_stand":2,"cataclysm:music_disc_ignis":1,"minecraft:item_frame":3,"minecraft:zombie_head":1,"minecraft:bone":10,"minecraft:stone_bricks":5,"minecraft:cracked_stone_bricks":2,"minecraft:wheat_seeds":3,"minecraft:iron_ingot":1,"minecraft:cooked_chicken":2,"minecraft:calcite":2,"minecraft:mossy_stone_bricks":1,"minecraft:glass_bottle":2,"minecraft:chest":1,"minecraft:melon_slice":5,"minecraft:iron_sword":1,"spartanweaponry:iron_flanged_mace":1,"knightlib:small_essence":7,"minecraft:stick":9,"minecraft:smooth_basalt":6,"minecraft:cooked_porkchop":1,"minecraft:stone_brick_slab":4,"minecraft:torch":3,"minecraft:cookie":1,"minecraft:sugar":2,"minecraft:arrow":21,"minecraft:rotten_flesh":5,"minecraft:pumpkin_pie":1,"waystones:waystone":1,"minecraft:golden_apple":1,"minecraft:emerald":7,"minecraft:totem_of_undying":3,"minecraft:cobblestone":8},"minecraft:used":{"minecraft:beetroot":2,"cataclysm:ignis_spawn_egg":2,"minecraft:stone_sword":129,"cataclysm:desert_eye":31,"minecraft:stone_pickaxe":14,"minecraft:ladder":4,"minecraft:chest":3,"minecraft:wooden_pickaxe":3,"minecraft:iron_sword":81,"biomesoplenty:fir_planks":151,"minecraft:cooked_chicken":1,"minecraft:cookie":1,"minecraft:torch":1,"minecraft:dirt":35,"minecraft:crafting_table":2,"minecraft:red_bed":1,"spartanweaponry:iron_flanged_mace":48,"minecraft:carrot":3,"minecraft:cake":2,"minecraft:wooden_axe":1,"biomesoplenty:fir_sapling":2,"minecraft:bread":1,"minecraft:melon_slice":5,"minecraft:totem_of_undying":1,"spicy_species:flowering_cinnamon_log":1,"minecraft:potion":1,"minecraft:cooked_porkchop":1},"minecraft:broken":{"spartanweaponry:iron_flanged_mace":1,"minecraft:stone_sword":1,"minecraft:wooden_axe":1},"minecraft:killed":{"minecraft:evoker":3,"minecraft:vex":6,"minecraft:witch":4,"minecraft:frog":1,"born_in_chaos_v1:maggot":1,"minecraft:skeleton":24,"minecraft:pillager":4,"minecraft:zombie":4,"knightquest:lizzy":2,"cataclysm:ignis":2},"minecraft:crafted":{"minecraft:crafting_table":1,"minecraft:wooden_pickaxe":1,"biomesoplenty:fir_planks":328,"minecraft:ladder":15,"minecraft:stick":92,"minecraft:stone_pickaxe":1,"minecraft:wooden_axe":1,"minecraft:stone_sword":1,"minecraft:chest":2},"minecraft:custom":{"minecraft:mob_kills":53,"minecraft:open_barrel":15,"minecraft:interact_with_crafting_table":9,"minecraft:eat_cake_slice":22,"minecraft:leave_game":1,"minecraft:time_since_death":38076,"minecraft:sleep_in_bed":1,"minecraft:climb_one_cm":6103,"minecraft:time_since_rest":30150,"minecraft:sprint_one_cm":72129,"minecraft:damage_taken":7023,"minecraft:walk_one_cm":288973,"minecraft:drop":29,"minecraft:damage_dealt":18646,"minecraft:swim_one_cm":6133,"minecraft:fly_one_cm":199095,"minecraft:open_chest":21,"minecraft:crouch_one_cm":4262,"minecraft:play_time":100380,"minecraft:deaths":13,"minecraft:sneak_time":2573,"minecraft:walk_under_water_one_cm":4138,"minecraft:jump":980,"minecraft:walk_on_water_one_cm":6559,"minecraft:total_world_time":100380,"minecraft:fall_one_cm":57391}},"DataVersion":3465}