{"stats":{"minecraft:dropped":{"minecraft:smooth_stone":1},"minecraft:mined":{"minecraft:smooth_stone":12,"biomeswevegone:potted_rose":1,"croptopia:ginger_crop":1,"minecraft:furnace":1,"biomeswevegone:potted_blue_spruce_sapling":1,"minecraft:brewing_stand":2,"biomesoplenty:fir_log":3,"minecraft:crafting_table":1,"minecraft:grass":1,"biomesoplenty:fir_leaves":5,"minecraft:oak_stairs":3,"minecraft:cracked_stone_bricks":4,"biomeswevegone:potted_blue_enchanted_sapling":1,"minecraft:stone_bricks":6,"minecraft:stone":15,"minecraft:oak_planks":9,"minecraft:diorite":9,"biomesoplenty:potted_orange_maple_sapling":1,"minecraft:redstone_lamp":8},"minecraft:picked_up":{"biomeswevegone:rose":1,"minecraft:crafting_table":1,"minecraft:flower_pot":4,"croptopia:greenbean_seed":1,"minecraft:redstone_lamp":8,"croptopia:ginger":1,"minecraft:oak_stairs":1,"biomesoplenty:fir_log":3,"croptopia:artichoke":1,"biomesoplenty:orange_maple_sapling":1,"croptopia:ginger_seed":1,"biomeswevegone:blue_spruce_sapling":1,"minecraft:brewing_stand":2,"minecraft:diorite":9,"minecraft:carrot":5,"croptopia:artichoke_seed":1,"biomeswevegone:blue_enchanted_sapling":1,"minecraft:stone_bricks":5,"minecraft:cracked_stone_bricks":4,"farmersdelight:onion":2,"minecraft:smooth_stone":12,"croptopia:greenbean":1,"minecraft:oak_planks":9,"minecraft:coal":2,"minecraft:cobblestone":14,"minecraft:furnace":1},"minecraft:used":{"minecraft:wooden_axe":1,"minecraft:diorite":9,"minecraft:oak_stairs":1,"minecraft:oak_planks":4,"minecraft:wooden_pickaxe":56,"minecraft:stone_bricks":13,"minecraft:cracked_stone_bricks":2,"minecraft:torch":1,"minecraft:wooden_sword":4,"minecraft:cobblestone":3,"minecraft:crafting_table":1},"minecraft:crafted":{"biomesoplenty:fir_planks":12,"minecraft:wooden_sword":1,"minecraft:crafting_table":1,"minecraft:stick":4,"minecraft:wooden_pickaxe":1,"minecraft:torch":16},"minecraft:custom":{"minecraft:time_since_rest":15107,"minecraft:sprint_one_cm":16393,"minecraft:damage_taken":338,"minecraft:walk_one_cm":75369,"minecraft:drop":1,"minecraft:damage_dealt":24,"minecraft:interact_with_crafting_table":1,"minecraft:fly_one_cm":3728,"minecraft:open_barrel":1,"minecraft:open_chest":10,"minecraft:crouch_one_cm":4163,"minecraft:play_time":50242,"minecraft:sneak_time":2368,"minecraft:jump":123,"minecraft:eat_cake_slice":4,"minecraft:walk_on_water_one_cm":271,"minecraft:time_since_death":50242,"minecraft:sleep_in_bed":1,"minecraft:total_world_time":50242,"minecraft:fall_one_cm":4259}},"DataVersion":3465}