{"stats":{"minecraft:dropped":{"minecraft:cooked_beef":2,"minecraft:mushroom_stew":6,"minecraft:torch":29,"minecraft:smooth_stone":1},"minecraft:mined":{"minecraft:spruce_planks":2,"minecraft:mossy_cobblestone":1,"minecraft:stripped_mangrove_log":8,"minecraft:brewing_stand":2,"gravestone:gravestone":2,"minecraft:grass_block":1,"minecraft:stone_brick_wall":1,"minecraft:moss_block":2,"minecraft:spawner":1,"minecraft:hay_block":28,"minecraft:smooth_stone":12,"croptopia:ginger_crop":1,"minecraft:furnace":2,"minecraft:dark_oak_trapdoor":1,"minecraft:iron_ore":1,"minecraft:moss_carpet":9,"minecraft:stripped_dark_oak_wood":3,"minecraft:peony":1,"minecraft:flowering_azalea_leaves":1,"minecraft:oak_stairs":3,"biomeswevegone:potted_blue_enchanted_sapling":1,"minecraft:stone":58,"minecraft:stripped_mangrove_wood":5,"minecraft:cake":1,"minecraft:smoker":1,"minecraft:stone_brick_slab":1,"minecraft:soul_lantern":11,"minecraft:crafting_table":3,"minecraft:torch":1,"minecraft:blast_furnace":1,"minecraft:calcite":9,"minecraft:rose_bush":1,"minecraft:lightning_rod":2,"minecraft:cobblestone":17,"minecraft:oak_planks":9,"minecraft:sugar_cane":3,"minecraft:wall_torch":1,"minecraft:diorite":10,"biomesoplenty:potted_orange_maple_sapling":1,"biomeswevegone:potted_rose":1,"minecraft:lime_bed":6,"biomeswevegone:potted_blue_spruce_sapling":1,"minecraft:sea_pickle":1,"minecraft:potted_poppy":1,"biomesoplenty:fir_log":3,"minecraft:grass":8,"minecraft:mangrove_slab":1,"minecraft:coal_ore":7,"biomesoplenty:fir_leaves":24,"minecraft:cyan_carpet":1,"minecraft:cracked_stone_bricks":8,"minecraft:stone_bricks":14,"minecraft:redstone_lamp":8},"minecraft:picked_up":{"minecraft:crafting_table":3,"biomeswevegone:rose":1,"minecraft:flower_pot":5,"minecraft:redstone_lamp":8,"minecraft:oak_stairs":1,"minecraft:brewing_stand":2,"minecraft:stripped_mangrove_log":4,"croptopia:artichoke_seed":1,"minecraft:string":4,"minecraft:moss_carpet":6,"minecraft:cyan_carpet":1,"minecraft:sea_pickle":2,"minecraft:cracked_stone_bricks":8,"minecraft:smooth_stone":12,"minecraft:spruce_planks":2,"minecraft:calcite":9,"minecraft:poppy":1,"minecraft:sugar_cane":7,"minecraft:furnace":3,"knightlib:small_essence":1,"minecraft:stick":10,"minecraft:raw_iron":1,"minecraft:stripped_mangrove_wood":5,"croptopia:greenbean_seed":1,"minecraft:torch":2,"minecraft:lightning_rod":2,"biomesoplenty:orange_maple_sapling":1,"croptopia:ginger_seed":1,"minecraft:diorite":10,"minecraft:carrot":5,"biomeswevegone:blue_enchanted_sapling":1,"minecraft:arrow":1,"minecraft:rotten_flesh":9,"minecraft:peony":1,"farmersdelight:onion":2,"minecraft:hay_block":28,"minecraft:stripped_dark_oak_wood":2,"minecraft:cobblestone":78,"minecraft:lime_bed":6,"minecraft:smoker":1,"biomesoplenty:fir_sapling":17,"biomesoplenty:fir_log":78,"croptopia:artichoke":1,"minecraft:mangrove_slab":2,"minecraft:dirt":1,"minecraft:bone":2,"minecraft:stone_bricks":9,"minecraft:moss_block":3,"minecraft:oak_planks":9,"minecraft:stone_brick_slab":1,"croptopia:ginger":1,"biomeswevegone:blue_spruce_sapling":1,"minecraft:blast_furnace":1,"minecraft:dark_oak_log":2,"minecraft:mossy_cobblestone":2,"minecraft:soul_lantern":10,"croptopia:greenbean":1,"minecraft:coal":9},"minecraft:used":{"minecraft:moss_block":3,"minecraft:stone_sword":136,"minecraft:poppy":1,"minecraft:torch":10,"minecraft:dirt":1,"minecraft:carrot":9,"minecraft:stone_brick_slab":1,"minecraft:wooden_axe":1,"born_in_chaos_v1:smoked_flesh":6,"minecraft:stripped_dark_oak_wood":2,"minecraft:oak_stairs":1,"minecraft:stone_bricks":32,"minecraft:furnace":1,"minecraft:cooked_beef":1,"minecraft:calcite":8,"minecraft:diorite":10,"minecraft:stone_pickaxe":73,"minecraft:oak_planks":4,"minecraft:mangrove_planks":5,"minecraft:wooden_pickaxe":110,"biomesoplenty:fir_planks":4,"minecraft:cracked_stone_bricks":6,"minecraft:golden_apple":1,"minecraft:mossy_cobblestone":2,"minecraft:lime_bed":6,"minecraft:crafting_table":4,"minecraft:mushroom_stew":8,"minecraft:smoker":1,"minecraft:stone_axe":67,"minecraft:wooden_sword":4,"minecraft:cobblestone":60,"minecraft:cooked_rabbit":3},"minecraft:broken":{"minecraft:stone_sword":1,"minecraft:wooden_pickaxe":1,"minecraft:stone_axe":1},"minecraft:killed":{"born_in_chaos_v1:zombie_lumberjack":1,"born_in_chaos_v1:maggot":1,"minecraft:skeleton":1,"minecraft:husk":4,"born_in_chaos_v1:decrepit_skeleton":1,"minecraft:zombie":4},"minecraft:crafted":{"minecraft:wooden_sword":1,"minecraft:furnace":1,"minecraft:stone_pickaxe":1,"minecraft:smoker":1,"minecraft:wheat":252,"minecraft:crafting_table":1,"minecraft:wooden_pickaxe":1,"minecraft:mangrove_planks":16,"minecraft:stone_axe":1,"minecraft:bread":64,"biomesoplenty:fir_planks":16,"minecraft:white_wool":3,"minecraft:stick":12,"born_in_chaos_v1:smoked_flesh":8,"minecraft:stone_sword":2,"minecraft:torch":16},"minecraft:custom":{"minecraft:mob_kills":12,"minecraft:animals_bred":1,"minecraft:interact_with_crafting_table":10,"minecraft:open_barrel":3,"minecraft:eat_cake_slice":7,"minecraft:time_since_death":7802,"minecraft:sprint_one_cm":90787,"minecraft:walk_one_cm":307227,"minecraft:drop":10,"minecraft:play_time":122242,"minecraft:deaths":2,"minecraft:sneak_time":4731,"minecraft:walk_under_water_one_cm":375,"minecraft:jump":706,"minecraft:interact_with_blast_furnace":1,"minecraft:walk_on_water_one_cm":1350,"minecraft:total_world_time":122242,"minecraft:interact_with_furnace":2,"minecraft:sleep_in_bed":5,"minecraft:time_since_rest":7828,"minecraft:damage_taken":1726,"minecraft:damage_absorbed":40,"minecraft:damage_dealt":3176,"minecraft:swim_one_cm":903,"minecraft:fly_one_cm":57225,"minecraft:player_kills":1,"minecraft:open_chest":16,"minecraft:crouch_one_cm":9230,"minecraft:interact_with_smoker":6,"minecraft:fall_one_cm":15404}},"DataVersion":3465}