{"stats":{"minecraft:picked_up":{"minecraft:iron_chestplate":1,"minecraft:crafting_table":3,"biomeswevegone:rose":1,"minecraft:flower_pot":5,"minecraft:clay_ball":8,"minecraft:leather_leggings":1,"croptopia:peach":8,"minecraft:redstone_lamp":8,"minecraft:oak_stairs":1,"gravestone:obituary":1,"minecraft:chain":1,"minecraft:brewing_stand":2,"minecraft:stripped_mangrove_log":4,"minecraft:cornflower":3,"biomeswevegone:skyris_vine":78,"minecraft:string":5,"croptopia:artichoke_seed":1,"minecraft:moss_carpet":8,"born_in_chaos_v1:black_argillite_brick":1,"minecraft:cyan_carpet":1,"minecraft:sea_pickle":3,"minecraft:cracked_stone_bricks":8,"biomeswevegone:skyris_sapling":5,"minecraft:smooth_stone":12,"minecraft:spruce_planks":8,"delightful:acorn":2,"biomeswevegone:mahogany_planks":1,"minecraft:calcite":16,"minecraft:poppy":1,"biomesoplenty:redwood_wood":91,"minecraft:sugar_cane":25,"knightlib:small_essence":1,"minecraft:furnace":3,"iceandfire:dragonbone":1,"minecraft:stick":33,"minecraft:raw_iron":1,"minecraft:stripped_mangrove_wood":9,"iceandfire:dragonscales_green":4,"croptopia:greenbean_seed":1,"minecraft:torch":2,"iceandfire:pixie_house_mushroom_brown":1,"minecraft:porkchop":1,"minecraft:lightning_rod":2,"biomesoplenty:orange_maple_sapling":1,"croptopia:ginger_seed":1,"born_in_chaos_v1:black_argillite_brick_stairs":1,"minecraft:diorite":11,"biomeswevegone:skyris_log":36,"born_in_chaos_v1:pieceofdarkmetal":3,"minecraft:carrot":19,"biomeswevegone:blue_enchanted_sapling":1,"biomesoplenty:redwood_planks":2,"minecraft:arrow":1,"minecraft:rotten_flesh":24,"minecraft:peony":1,"farmersdelight:onion":3,"minecraft:hay_block":50,"iceandfire:fire_dragon_heart":1,"minecraft:stripped_dark_oak_wood":6,"biomesoplenty:redwood_sapling":23,"minecraft:cobblestone":78,"minecraft:lime_bed":7,"born_in_chaos_v1:monster_flesh":2,"biomesoplenty:goldenrod":4,"minecraft:jungle_wood":1,"minecraft:smoker":1,"minecraft:potato":4,"biomesoplenty:fir_sapling":17,"biomesoplenty:fir_log":78,"croptopia:artichoke":1,"minecraft:oak_log":1,"iceandfire:ectoplasm":1,"minecraft:yellow_bed":2,"minecraft:lantern":1,"minecraft:mangrove_slab":2,"minecraft:dirt":9,"biomeswevegone:clover_patch":2,"iceandfire:pixie_house_mushroom_red":5,"born_in_chaos_v1:monster_skin":1,"minecraft:bone":7,"minecraft:apple":15,"minecraft:stone_bricks":9,"delightful:mini_melon":4,"minecraft:wheat_seeds":9,"minecraft:iron_ingot":2,"biomesoplenty:magic_log":9,"iceandfire:fire_dragon_flesh":5,"minecraft:oak_planks":10,"minecraft:iron_sword":1,"minecraft:moss_block":3,"minecraft:dark_oak_stairs":1,"knightlib:great_essence":2,"biomesoplenty:magic_sapling":1,"minecraft:dark_oak_slab":4,"biomeswevegone:maple_planks":4,"croptopia:starfruit":1,"biomeswevegone:maple_log":1,"minecraft:stone_brick_slab":1,"croptopia:ginger":1,"minecraft:dandelion":1,"ramcompat:stink_gland":3,"biomeswevegone:blue_spruce_sapling":1,"minecraft:dark_oak_log":2,"minecraft:blast_furnace":1,"minecraft:white_bed":4,"minecraft:mossy_cobblestone":2,"minecraft:leather_helmet":1,"minecraft:polished_andesite":1,"born_in_chaos_v1:fire_dust":1,"biomeswevegone:crocus":1,"minecraft:soul_lantern":10,"regions_unexplored:tall_pink_bioshroom":2,"croptopia:orange":12,"minecraft:iron_helmet":1,"croptopia:greenbean":1,"minecraft:bone_meal":1,"biomeswevegone:foxglove":4,"minecraft:bread":35,"biomeswevegone:tiny_lily_pads":1,"biomeswevegone:blueberries":5,"biomesoplenty:pink_daffodil":2,"minecraft:oak_sapling":1,"minecraft:coal":9,"biomeswevegone:willow_log":3},"minecraft:killed":{"born_in_chaos_v1:zombie_lumberjack":1,"born_in_chaos_v1:zombie_bruiser":3,"born_in_chaos_v1:maggot":3,"minecraft:skeleton":1,"born_in_chaos_v1:firelight_not_despawn":1,"minecraft:husk":4,"born_in_chaos_v1:decrepit_skeleton":2,"minecraft:zombie":7,"born_in_chaos_v1:corpse_fly":1,"minecraft:player":1},"minecraft:crafted":{"minecraft:wooden_sword":4,"minecraft:oak_planks":4,"biomeswevegone:maple_planks":4,"minecraft:furnace":1,"biomeswevegone:maple_crafting_table":1,"minecraft:stone_pickaxe":1,"biomeswevegone:skyris_door":3,"minecraft:chest":2,"minecraft:smoker":1,"minecraft:wheat":450,"minecraft:crafting_table":4,"biomesoplenty:redwood_planks":108,"minecraft:wooden_pickaxe":3,"minecraft:mangrove_planks":32,"minecraft:stone_axe":1,"minecraft:glowstone":1,"minecraft:bread":64,"minecraft:jungle_planks":4,"biomesoplenty:fir_planks":16,"minecraft:white_wool":3,"minecraft:stick":20,"born_in_chaos_v1:smoked_flesh":8,"minecraft:iron_ingot":19,"minecraft:iron_pickaxe":1,"minecraft:wooden_axe":1,"minecraft:stone_sword":2,"minecraft:torch":16,"minecraft:clay":2,"biomeswevegone:skyris_planks":8},"minecraft:used":{"minecraft:moss_block":3,"minecraft:stone_sword":136,"biomeswevegone:maple_crafting_table":1,"biomesoplenty:redwood_planks":78,"minecraft:poppy":1,"minecraft:chest":2,"minecraft:spruce_planks":2,"minecraft:iron_sword":132,"minecraft:torch":10,"minecraft:dirt":6,"minecraft:carrot":59,"biomeswevegone:maple_planks":4,"minecraft:wooden_axe":13,"minecraft:stone_brick_slab":1,"born_in_chaos_v1:smoked_flesh":12,"minecraft:stripped_dark_oak_wood":2,"minecraft:oak_stairs":1,"minecraft:stone_bricks":32,"croptopia:peach":1,"minecraft:furnace":1,"minecraft:cooked_beef":1,"minecraft:potato":7,"minecraft:calcite":16,"minecraft:diorite":11,"iceandfire:fire_dragon_flesh":1,"minecraft:polished_andesite":1,"minecraft:oak_planks":9,"minecraft:stone_pickaxe":73,"minecraft:mangrove_planks":7,"minecraft:baked_potato":2,"minecraft:wooden_pickaxe":127,"biomesoplenty:fir_planks":4,"biomeswevegone:willow_log":1,"minecraft:clay":1,"minecraft:cracked_stone_bricks":6,"minecraft:golden_apple":1,"minecraft:mossy_cobblestone":2,"biomesoplenty:goldenrod":3,"minecraft:lime_bed":6,"minecraft:crafting_table":7,"minecraft:mushroom_stew":11,"croptopia:orange":12,"minecraft:smoker":1,"minecraft:cake":2,"delightful:mini_melon":4,"minecraft:white_bed":4,"minecraft:apple":19,"born_in_chaos_v1:monster_flesh":1,"minecraft:bread":34,"biomeswevegone:skyris_door":1,"minecraft:stone_axe":67,"minecraft:wooden_sword":56,"minecraft:cobblestone":60,"minecraft:porkchop":1,"minecraft:cooked_rabbit":3,"minecraft:yellow_bed":2,"minecraft:dandelion":1,"minecraft:experience_bottle":1},"minecraft:custom":{"minecraft:mob_kills":23,"minecraft:animals_bred":1,"minecraft:interact_with_crafting_table":20,"minecraft:open_barrel":34,"minecraft:damage_dealt_resisted":20,"minecraft:eat_cake_slice":12,"minecraft:leave_game":5,"minecraft:time_since_death":22011,"minecraft:climb_one_cm":31902,"minecraft:sprint_one_cm":536211,"minecraft:walk_one_cm":767999,"minecraft:drop":66,"minecraft:talked_to_villager":1,"minecraft:play_time":343846,"minecraft:deaths":14,"minecraft:sneak_time":7872,"minecraft:walk_under_water_one_cm":22866,"minecraft:jump":4016,"minecraft:interact_with_blast_furnace":1,"minecraft:walk_on_water_one_cm":34117,"minecraft:total_world_time":343846,"minecraft:interact_with_furnace":2,"minecraft:sleep_in_bed":7,"minecraft:time_since_rest":22039,"minecraft:damage_taken":9428,"minecraft:damage_absorbed":40,"minecraft:damage_dealt":5630,"minecraft:swim_one_cm":65672,"minecraft:player_kills":2,"minecraft:fly_one_cm":683789,"minecraft:open_chest":48,"minecraft:crouch_one_cm":15421,"minecraft:interact_with_smoker":8,"minecraft:fall_one_cm":163895},"minecraft:broken":{"minecraft:stone_sword":1,"minecraft:wooden_pickaxe":1,"minecraft:stone_axe":1},"minecraft:mined":{"regions_unexplored:tall_pink_bioshroom":2,"farmersdelight:onions":1,"minecraft:spruce_planks":8,"minecraft:white_bed":4,"biomeswevegone:mahogany_planks":1,"croptopia:orange_crop":6,"minecraft:mossy_cobblestone":1,"minecraft:stripped_mangrove_log":8,"minecraft:brewing_stand":2,"gravestone:gravestone":9,"minecraft:grass_block":7,"minecraft:stone_brick_wall":1,"minecraft:decorated_pot":1,"minecraft:spruce_leaves":1,"minecraft:moss_block":2,"biomeswevegone:foxglove":4,"minecraft:spawner":2,"minecraft:hay_block":53,"biomeswevegone:yellow_birch_leaves":3,"minecraft:smooth_stone":12,"biomeswevegone:maple_log":1,"croptopia:ginger_crop":1,"minecraft:furnace":2,"minecraft:carrots":15,"minecraft:dark_oak_trapdoor":1,"minecraft:iron_ore":1,"minecraft:moss_carpet":9,"minecraft:peony":1,"minecraft:stripped_dark_oak_wood":7,"croptopia:peach_crop":3,"minecraft:dark_oak_stairs":1,"minecraft:potatoes":3,"croptopia:apple_crop":7,"minecraft:flowering_azalea_leaves":1,"minecraft:oak_stairs":3,"regions_unexplored:medium_grass":1,"biomeswevegone:potted_blue_enchanted_sapling":1,"minecraft:stone":58,"minecraft:stripped_mangrove_wood":9,"minecraft:cake":1,"biomesoplenty:redwood_planks":2,"minecraft:smoker":1,"minecraft:stone_brick_slab":1,"minecraft:dandelion":2,"minecraft:soul_lantern":11,"minecraft:clay":2,"minecraft:crafting_table":3,"minecraft:cornflower":2,"minecraft:torch":1,"iceandfire:pixie_house_mushroom_brown":1,"minecraft:blast_furnace":1,"minecraft:calcite":16,"minecraft:melon":1,"biomeswevegone:crocus":1,"biomeswevegone:maple_planks":4,"minecraft:rose_bush":1,"minecraft:spruce_wall_sign":1,"minecraft:lightning_rod":2,"biomeswevegone:clover_patch":2,"minecraft:tall_grass":3,"minecraft:cobblestone":17,"biomesoplenty:huge_clover_petal":4,"minecraft:oak_planks":10,"minecraft:sugar_cane":13,"minecraft:diorite":11,"minecraft:wall_torch":2,"biomesoplenty:potted_orange_maple_sapling":1,"biomesoplenty:goldenrod":5,"minecraft:repeater":1,"biomeswevegone:potted_rose":1,"minecraft:lime_bed":7,"minecraft:dark_oak_slab":2,"minecraft:jungle_wood":1,"biomeswevegone:potted_blue_spruce_sapling":1,"minecraft:sea_pickle":2,"minecraft:wheat":8,"biomesoplenty:pink_daffodil":2,"iceandfire:pixie_house_mushroom_red":5,"minecraft:yellow_bed":2,"minecraft:potted_poppy":1,"biomesoplenty:fir_log":3,"minecraft:grass":47,"minecraft:mangrove_slab":1,"minecraft:coal_ore":7,"minecraft:oak_log":1,"delightful:mini_melon":5,"biomesoplenty:fir_leaves":24,"minecraft:cyan_carpet":1,"minecraft:dirt":2,"minecraft:cobweb":1,"minecraft:cracked_stone_bricks":8,"biomesoplenty:redwood_sapling":1,"minecraft:potted_white_tulip":2,"minecraft:polished_andesite":1,"minecraft:stone_bricks":14,"minecraft:oak_leaves":33,"minecraft:redstone_lamp":8,"minecraft:fern":10},"minecraft:dropped":{"minecraft:bread":56,"minecraft:iron_sword":1,"minecraft:cooked_beef":2,"croptopia:starfruit":1,"minecraft:apple":20,"iceandfire:ectoplasm":1,"minecraft:leather_helmet":2,"minecraft:mushroom_stew":6,"biomesoplenty:goldenrod":1,"minecraft:torch":29,"minecraft:cornflower":3,"minecraft:smooth_stone":1,"minecraft:bone":2,"minecraft:bowl":1,"minecraft:lime_bed":1,"minecraft:leather_chestplate":1,"ramcompat:stink_gland":3,"minecraft:leather_leggings":1,"croptopia:peach":6}},"DataVersion":3465}