{"stats":{"minecraft:crafted":{"biomesoplenty:fir_planks":12,"minecraft:wooden_sword":1,"minecraft:crafting_table":1,"minecraft:stick":4,"minecraft:wooden_pickaxe":1},"minecraft:picked_up":{"minecraft:stone_bricks":3,"minecraft:cracked_stone_bricks":4,"minecraft:oak_stairs":1,"biomesoplenty:fir_log":3,"minecraft:diorite":3,"minecraft:oak_planks":3,"minecraft:cobblestone":14},"minecraft:custom":{"minecraft:time_since_rest":21111,"minecraft:crouch_one_cm":3226,"minecraft:play_time":21111,"minecraft:sprint_one_cm":3014,"minecraft:damage_taken":80,"minecraft:walk_one_cm":29215,"minecraft:sneak_time":2035,"minecraft:jump":45,"minecraft:eat_cake_slice":1,"minecraft:time_since_death":21111,"minecraft:total_world_time":21111,"minecraft:interact_with_crafting_table":1,"minecraft:fall_one_cm":3506,"minecraft:fly_one_cm":2448},"minecraft:used":{"minecraft:stone_bricks":3,"minecraft:cracked_stone_bricks":2,"minecraft:crafting_table":1,"minecraft:oak_stairs":1,"minecraft:oak_planks":2,"minecraft:wooden_pickaxe":25},"minecraft:mined":{"minecraft:grass":1,"biomesoplenty:fir_leaves":5,"minecraft:oak_stairs":3,"minecraft:cracked_stone_bricks":4,"minecraft:stone":14,"minecraft:stone_bricks":4,"minecraft:oak_planks":3,"minecraft:diorite":3,"biomesoplenty:fir_log":3}},"DataVersion":3465}