{"stats":{"minecraft:dropped":{"minecraft:smooth_stone":1},"minecraft:mined":{"minecraft:brewing_stand":2,"minecraft:crafting_table":2,"minecraft:torch":1,"gravestone:gravestone":1,"minecraft:grass_block":1,"minecraft:cobblestone":8,"minecraft:oak_planks":9,"minecraft:diorite":9,"biomesoplenty:potted_orange_maple_sapling":1,"minecraft:smooth_stone":12,"biomeswevegone:potted_rose":1,"minecraft:lime_bed":2,"croptopia:ginger_crop":1,"biomeswevegone:potted_blue_spruce_sapling":1,"minecraft:furnace":1,"biomesoplenty:fir_log":3,"minecraft:grass":1,"biomesoplenty:fir_leaves":5,"minecraft:oak_stairs":3,"minecraft:cracked_stone_bricks":8,"biomeswevegone:potted_blue_enchanted_sapling":1,"minecraft:stone":58,"minecraft:stone_bricks":9,"minecraft:redstone_lamp":8},"minecraft:picked_up":{"minecraft:lime_bed":2,"minecraft:crafting_table":2,"biomeswevegone:rose":1,"minecraft:flower_pot":4,"minecraft:redstone_lamp":8,"minecraft:oak_stairs":1,"biomesoplenty:fir_log":3,"croptopia:artichoke":1,"minecraft:brewing_stand":2,"minecraft:dirt":1,"croptopia:artichoke_seed":1,"minecraft:bone":1,"minecraft:stone_bricks":6,"minecraft:cracked_stone_bricks":8,"minecraft:smooth_stone":12,"minecraft:oak_planks":9,"minecraft:furnace":1,"croptopia:greenbean_seed":1,"minecraft:torch":1,"croptopia:ginger":1,"biomesoplenty:orange_maple_sapling":1,"biomeswevegone:blue_spruce_sapling":1,"croptopia:ginger_seed":1,"minecraft:diorite":9,"minecraft:carrot":5,"biomeswevegone:blue_enchanted_sapling":1,"minecraft:arrow":1,"farmersdelight:onion":2,"croptopia:greenbean":1,"minecraft:coal":2,"minecraft:cobblestone":65},"minecraft:used":{"minecraft:diorite":9,"minecraft:stone_sword":8,"minecraft:stone_pickaxe":5,"minecraft:oak_planks":4,"minecraft:wooden_pickaxe":110,"minecraft:cracked_stone_bricks":6,"minecraft:torch":2,"minecraft:dirt":1,"minecraft:crafting_table":2,"minecraft:lime_bed":1,"minecraft:wooden_axe":1,"minecraft:oak_stairs":1,"minecraft:stone_bricks":13,"minecraft:stone_axe":1,"minecraft:wooden_sword":4,"minecraft:cobblestone":13,"minecraft:cooked_rabbit":3},"minecraft:broken":{"minecraft:wooden_pickaxe":1},"minecraft:killed":{"minecraft:skeleton":1},"minecraft:crafted":{"minecraft:wooden_sword":1,"minecraft:crafting_table":1,"minecraft:wooden_pickaxe":1,"minecraft:stone_axe":1,"biomesoplenty:fir_planks":12,"minecraft:stick":12,"minecraft:stone_pickaxe":1,"minecraft:stone_sword":2,"minecraft:torch":16},"minecraft:custom":{"minecraft:mob_kills":1,"minecraft:interact_with_crafting_table":5,"minecraft:open_barrel":1,"minecraft:eat_cake_slice":4,"minecraft:time_since_death":11100,"minecraft:sleep_in_bed":2,"minecraft:time_since_rest":9514,"minecraft:sprint_one_cm":19929,"minecraft:damage_taken":637,"minecraft:walk_one_cm":124036,"minecraft:drop":1,"minecraft:damage_dealt":163,"minecraft:fly_one_cm":4640,"minecraft:open_chest":10,"minecraft:crouch_one_cm":4294,"minecraft:play_time":62242,"minecraft:deaths":1,"minecraft:sneak_time":2420,"minecraft:jump":185,"minecraft:walk_on_water_one_cm":271,"minecraft:total_world_time":62242,"minecraft:fall_one_cm":5407}},"DataVersion":3465}