{"stats":{"minecraft:picked_up":{"minecraft:crafting_table":3,"biomeswevegone:rose":1,"croptopia:peach":8,"minecraft:clay_ball":8,"minecraft:flower_pot":5,"minecraft:redstone_lamp":8,"minecraft:oak_stairs":1,"minecraft:chain":1,"minecraft:brewing_stand":2,"minecraft:stripped_mangrove_log":4,"minecraft:cornflower":3,"croptopia:artichoke_seed":1,"minecraft:string":4,"minecraft:moss_carpet":6,"born_in_chaos_v1:black_argillite_brick":1,"minecraft:cyan_carpet":1,"minecraft:sea_pickle":2,"minecraft:cracked_stone_bricks":8,"minecraft:smooth_stone":12,"delightful:acorn":2,"minecraft:spruce_planks":8,"minecraft:calcite":16,"minecraft:poppy":1,"biomesoplenty:redwood_wood":91,"minecraft:sugar_cane":24,"minecraft:furnace":3,"knightlib:small_essence":1,"minecraft:stick":23,"minecraft:raw_iron":1,"minecraft:stripped_mangrove_wood":9,"croptopia:greenbean_seed":1,"iceandfire:pixie_house_mushroom_brown":1,"minecraft:torch":2,"minecraft:lightning_rod":2,"biomesoplenty:orange_maple_sapling":1,"croptopia:ginger_seed":1,"minecraft:diorite":11,"born_in_chaos_v1:black_argillite_brick_stairs":1,"minecraft:carrot":19,"biomeswevegone:blue_enchanted_sapling":1,"minecraft:arrow":1,"minecraft:rotten_flesh":9,"minecraft:peony":1,"farmersdelight:onion":3,"minecraft:hay_block":45,"minecraft:stripped_dark_oak_wood":6,"biomesoplenty:redwood_sapling":23,"minecraft:cobblestone":78,"minecraft:lime_bed":7,"biomesoplenty:goldenrod":4,"minecraft:smoker":1,"minecraft:potato":3,"biomesoplenty:fir_sapling":17,"biomesoplenty:fir_log":78,"croptopia:artichoke":1,"iceandfire:ectoplasm":1,"minecraft:mangrove_slab":2,"minecraft:dirt":3,"minecraft:lantern":1,"minecraft:bone":4,"minecraft:apple":15,"minecraft:stone_bricks":9,"minecraft:wheat_seeds":8,"delightful:mini_melon":4,"minecraft:iron_sword":1,"minecraft:moss_block":3,"minecraft:oak_planks":9,"minecraft:dark_oak_stairs":1,"minecraft:dark_oak_slab":4,"minecraft:stone_brick_slab":1,"minecraft:dandelion":1,"croptopia:ginger":1,"biomeswevegone:blue_spruce_sapling":1,"minecraft:blast_furnace":1,"minecraft:white_bed":3,"minecraft:dark_oak_log":2,"minecraft:mossy_cobblestone":2,"minecraft:polished_andesite":1,"biomeswevegone:crocus":1,"minecraft:soul_lantern":10,"croptopia:orange":12,"croptopia:greenbean":1,"biomeswevegone:blueberries":5,"biomesoplenty:pink_daffodil":2,"minecraft:coal":9},"minecraft:broken":{"minecraft:stone_sword":1,"minecraft:wooden_pickaxe":1,"minecraft:stone_axe":1},"minecraft:crafted":{"minecraft:wooden_sword":4,"minecraft:furnace":1,"minecraft:stone_pickaxe":1,"minecraft:smoker":1,"minecraft:wheat":405,"minecraft:crafting_table":2,"biomesoplenty:redwood_planks":40,"minecraft:wooden_pickaxe":3,"minecraft:mangrove_planks":32,"minecraft:stone_axe":1,"minecraft:glowstone":1,"minecraft:bread":64,"biomesoplenty:fir_planks":16,"minecraft:white_wool":3,"minecraft:stick":20,"born_in_chaos_v1:smoked_flesh":8,"minecraft:iron_ingot":1,"minecraft:stone_sword":2,"minecraft:torch":16,"minecraft:clay":2},"minecraft:killed":{"born_in_chaos_v1:zombie_lumberjack":1,"born_in_chaos_v1:maggot":1,"minecraft:skeleton":1,"minecraft:husk":4,"born_in_chaos_v1:decrepit_skeleton":1,"minecraft:zombie":4,"born_in_chaos_v1:corpse_fly":1},"minecraft:used":{"minecraft:moss_block":3,"minecraft:stone_sword":136,"biomesoplenty:redwood_planks":16,"minecraft:poppy":1,"minecraft:spruce_planks":2,"minecraft:iron_sword":7,"minecraft:torch":10,"minecraft:dirt":3,"minecraft:carrot":9,"minecraft:stone_brick_slab":1,"minecraft:wooden_axe":1,"born_in_chaos_v1:smoked_flesh":8,"minecraft:stripped_dark_oak_wood":2,"minecraft:oak_stairs":1,"minecraft:stone_bricks":32,"croptopia:peach":1,"minecraft:furnace":1,"minecraft:cooked_beef":1,"minecraft:calcite":16,"minecraft:diorite":11,"minecraft:baked_potato":2,"minecraft:polished_andesite":1,"minecraft:stone_pickaxe":73,"minecraft:mangrove_planks":7,"minecraft:oak_planks":4,"minecraft:wooden_pickaxe":122,"biomesoplenty:fir_planks":4,"minecraft:clay":1,"minecraft:cracked_stone_bricks":6,"minecraft:golden_apple":1,"minecraft:mossy_cobblestone":2,"biomesoplenty:goldenrod":3,"minecraft:lime_bed":6,"minecraft:crafting_table":5,"minecraft:mushroom_stew":11,"minecraft:white_bed":1,"delightful:mini_melon":4,"minecraft:cake":2,"minecraft:smoker":1,"croptopia:orange":12,"minecraft:apple":10,"minecraft:stone_axe":67,"minecraft:wooden_sword":56,"minecraft:cobblestone":60,"minecraft:cooked_rabbit":3,"minecraft:dandelion":1},"minecraft:dropped":{"minecraft:bread":33,"minecraft:iron_sword":1,"minecraft:cooked_beef":2,"minecraft:apple":12,"iceandfire:ectoplasm":1,"minecraft:mushroom_stew":6,"biomesoplenty:goldenrod":1,"minecraft:torch":29,"minecraft:cornflower":3,"minecraft:smooth_stone":1,"minecraft:bowl":1,"minecraft:lime_bed":1,"croptopia:peach":6},"minecraft:mined":{"farmersdelight:onions":1,"minecraft:spruce_planks":8,"minecraft:white_bed":3,"croptopia:orange_crop":6,"minecraft:mossy_cobblestone":1,"minecraft:stripped_mangrove_log":8,"minecraft:brewing_stand":2,"gravestone:gravestone":6,"minecraft:grass_block":1,"minecraft:stone_brick_wall":1,"minecraft:decorated_pot":1,"minecraft:moss_block":2,"minecraft:spawner":2,"minecraft:smooth_stone":12,"minecraft:hay_block":45,"croptopia:ginger_crop":1,"minecraft:carrots":15,"minecraft:furnace":2,"minecraft:dark_oak_trapdoor":1,"minecraft:iron_ore":1,"minecraft:moss_carpet":9,"croptopia:peach_crop":3,"minecraft:stripped_dark_oak_wood":7,"minecraft:peony":1,"minecraft:dark_oak_stairs":1,"minecraft:potatoes":3,"croptopia:apple_crop":7,"minecraft:flowering_azalea_leaves":1,"minecraft:oak_stairs":3,"biomeswevegone:potted_blue_enchanted_sapling":1,"minecraft:stripped_mangrove_wood":9,"minecraft:stone":58,"minecraft:cake":1,"minecraft:smoker":1,"minecraft:stone_brick_slab":1,"minecraft:dandelion":2,"minecraft:soul_lantern":11,"minecraft:cornflower":2,"minecraft:crafting_table":3,"minecraft:clay":2,"minecraft:torch":1,"iceandfire:pixie_house_mushroom_brown":1,"minecraft:blast_furnace":1,"minecraft:calcite":16,"biomeswevegone:crocus":1,"minecraft:rose_bush":1,"minecraft:spruce_wall_sign":1,"minecraft:lightning_rod":2,"minecraft:cobblestone":17,"biomesoplenty:huge_clover_petal":4,"minecraft:oak_planks":9,"minecraft:sugar_cane":13,"minecraft:wall_torch":1,"minecraft:diorite":11,"biomesoplenty:potted_orange_maple_sapling":1,"biomesoplenty:goldenrod":5,"biomeswevegone:potted_rose":1,"minecraft:lime_bed":7,"minecraft:repeater":1,"minecraft:dark_oak_slab":2,"biomeswevegone:potted_blue_spruce_sapling":1,"minecraft:sea_pickle":1,"minecraft:wheat":8,"biomesoplenty:pink_daffodil":2,"minecraft:potted_poppy":1,"biomesoplenty:fir_log":3,"minecraft:grass":16,"minecraft:mangrove_slab":1,"minecraft:coal_ore":7,"delightful:mini_melon":5,"biomesoplenty:fir_leaves":24,"minecraft:cyan_carpet":1,"minecraft:dirt":2,"biomesoplenty:redwood_sapling":1,"minecraft:cracked_stone_bricks":8,"minecraft:polished_andesite":1,"minecraft:stone_bricks":14,"minecraft:oak_leaves":31,"minecraft:redstone_lamp":8},"minecraft:custom":{"minecraft:mob_kills":13,"minecraft:animals_bred":1,"minecraft:interact_with_crafting_table":15,"minecraft:open_barrel":20,"minecraft:eat_cake_slice":12,"minecraft:time_since_death":11427,"minecraft:climb_one_cm":424,"minecraft:sprint_one_cm":176327,"minecraft:walk_one_cm":457849,"minecraft:drop":25,"minecraft:talked_to_villager":1,"minecraft:play_time":172502,"minecraft:deaths":10,"minecraft:sneak_time":5302,"minecraft:walk_under_water_one_cm":10513,"minecraft:jump":1425,"minecraft:interact_with_blast_furnace":1,"minecraft:walk_on_water_one_cm":8382,"minecraft:total_world_time":172502,"minecraft:interact_with_furnace":2,"minecraft:sleep_in_bed":6,"minecraft:time_since_rest":10911,"minecraft:damage_taken":4546,"minecraft:damage_absorbed":40,"minecraft:damage_dealt":3397,"minecraft:swim_one_cm":18347,"minecraft:fly_one_cm":158536,"minecraft:player_kills":1,"minecraft:open_chest":27,"minecraft:crouch_one_cm":10869,"minecraft:interact_with_smoker":6,"minecraft:fall_one_cm":42454}},"DataVersion":3465}