{"stats":{"minecraft:dropped":{"farmersdelight:iron_knife":1,"minecraft:iron_sword":3,"biomesoplenty:pink_daffodil":2,"minecraft:cooked_beef":2,"iceandfire:ectoplasm":1,"minecraft:leather_helmet":2,"minecraft:cornflower":3,"minecraft:snowball":1,"gravestone:obituary":1,"minecraft:bone":2,"alexsmobs:gazelle_horn":3,"born_in_chaos_v1:ethereal_spirit":4,"minecraft:white_bed":1,"minecraft:leather_chestplate":1,"minecraft:lime_bed":1,"ramcompat:stink_gland":3,"minecraft:leather_leggings":1,"minecraft:arrow":1,"minecraft:bread":137,"croptopia:starfruit":1,"minecraft:apple":20,"minecraft:mushroom_stew":6,"biomesoplenty:goldenrod":1,"minecraft:torch":29,"minecraft:smooth_stone":1,"minecraft:bowl":1,"minecraft:oak_sapling":1,"croptopia:peach":6,"minecraft:raw_gold":5},"minecraft:custom":{"minecraft:animals_bred":1,"minecraft:interact_with_crafting_table":30,"minecraft:open_barrel":58,"minecraft:eat_cake_slice":12,"minecraft:leave_game":8,"minecraft:time_since_death":118989,"minecraft:sprint_one_cm":931537,"minecraft:damage_blocked_by_shield":1433,"minecraft:drop":142,"minecraft:talked_to_villager":3,"minecraft:play_time":516102,"minecraft:deaths":15,"minecraft:jump":6897,"minecraft:walk_on_water_one_cm":97604,"minecraft:interact_with_furnace":4,"minecraft:sleep_in_bed":14,"minecraft:damage_dealt":11213,"minecraft:player_kills":2,"minecraft:crouch_one_cm":20475,"waystones:waystone_activated":1,"minecraft:interact_with_smoker":8,"minecraft:mob_kills":57,"minecraft:damage_dealt_resisted":40,"minecraft:climb_one_cm":39254,"minecraft:walk_one_cm":1209097,"minecraft:sneak_time":10446,"minecraft:walk_under_water_one_cm":49871,"minecraft:boat_one_cm":8788,"minecraft:interact_with_blast_furnace":1,"minecraft:total_world_time":516102,"minecraft:time_since_rest":56059,"minecraft:damage_taken":12244,"minecraft:damage_absorbed":40,"minecraft:swim_one_cm":169858,"minecraft:fly_one_cm":1278255,"minecraft:open_chest":101,"minecraft:fall_one_cm":243915},"minecraft:crafted":{"minecraft:oak_planks":4,"minecraft:iron_boots":1,"biomeswevegone:skyris_crafting_table":2,"minecraft:chest":2,"minecraft:smoker":1,"minecraft:crafting_table":4,"minecraft:wooden_pickaxe":3,"biomesoplenty:fir_planks":16,"minecraft:shield":1,"minecraft:stick":20,"born_in_chaos_v1:smoked_flesh":8,"minecraft:iron_ingot":19,"minecraft:iron_pickaxe":1,"minecraft:stone_sword":2,"minecraft:wooden_sword":4,"biomeswevegone:maple_planks":4,"minecraft:furnace":1,"biomeswevegone:maple_crafting_table":1,"biomeswevegone:skyris_boat":1,"minecraft:stone_pickaxe":1,"biomeswevegone:skyris_door":3,"minecraft:wheat":702,"biomesoplenty:redwood_planks":108,"minecraft:mangrove_planks":32,"minecraft:stone_axe":1,"minecraft:glowstone":1,"minecraft:jungle_planks":4,"minecraft:bread":212,"minecraft:white_wool":3,"minecraft:wooden_axe":1,"minecraft:white_bed":3,"minecraft:torch":16,"minecraft:clay":2,"biomeswevegone:skyris_planks":40},"minecraft:killed":{"born_in_chaos_v1:restless_spirit":1,"born_in_chaos_v1:zombie_lumberjack":1,"minecraft:spider":3,"born_in_chaos_v1:baby_skeleton_minion":1,"minecraft:skeleton":5,"mowziesmobs:umvuthana_crane":2,"born_in_chaos_v1:firelight_not_despawn":1,"minecraft:pillager":2,"minecraft:zombie":17,"born_in_chaos_v1:dread_hound":1,"born_in_chaos_v1:corpse_fly":1,"minecraft:stray":1,"species:bewereager":1,"born_in_chaos_v1:zombie_bruiser":4,"born_in_chaos_v1:maggot":3,"mowziesmobs:umvuthana":2,"minecraft:husk":4,"born_in_chaos_v1:decrepit_skeleton":3,"minecraft:player":1},"minecraft:used":{"minecraft:moss_block":3,"minecraft:iron_shovel":80,"biomeswevegone:maple_crafting_table":1,"minecraft:poppy":1,"minecraft:chest":2,"minecraft:shield":51,"minecraft:iron_sword":500,"minecraft:carrot":60,"minecraft:snowball":1,"born_in_chaos_v1:smoked_flesh":12,"minecraft:stripped_dark_oak_wood":2,"minecraft:stone_bricks":32,"croptopia:peach":1,"minecraft:furnace":1,"minecraft:oak_sapling":1,"minecraft:gray_bed":1,"minecraft:potato":7,"minecraft:diorite":11,"minecraft:stone_pickaxe":73,"minecraft:oak_planks":9,"minecraft:mangrove_planks":7,"minecraft:wooden_pickaxe":127,"biomesoplenty:fir_planks":4,"minecraft:clay":1,"minecraft:white_wool":1,"minecraft:golden_apple":1,"biomesoplenty:goldenrod":3,"minecraft:mushroom_stew":11,"croptopia:orange":12,"biomeswevegone:skyris_crafting_table":5,"born_in_chaos_v1:monster_flesh":1,"minecraft:bread":86,"biomeswevegone:skyris_door":1,"minecraft:wooden_sword":56,"minecraft:cooked_rabbit":3,"minecraft:experience_bottle":1,"minecraft:stone_sword":136,"biomesoplenty:redwood_planks":78,"minecraft:spruce_planks":2,"minecraft:torch":10,"minecraft:dirt":12,"biomeswevegone:maple_planks":4,"minecraft:wooden_axe":13,"minecraft:stone_brick_slab":1,"minecraft:oak_stairs":1,"biomeswevegone:skyris_planks":2,"minecraft:cooked_beef":1,"minecraft:calcite":16,"iceandfire:fire_dragon_flesh":1,"biomeswevegone:skyris_boat":1,"minecraft:polished_andesite":1,"minecraft:baked_potato":2,"biomeswevegone:willow_log":1,"minecraft:cracked_stone_bricks":6,"minecraft:mossy_cobblestone":2,"minecraft:lime_bed":6,"minecraft:crafting_table":7,"minecraft:white_bed":8,"minecraft:smoker":1,"minecraft:cake":2,"delightful:mini_melon":4,"minecraft:apple":19,"minecraft:iron_pickaxe":21,"minecraft:stone_axe":67,"minecraft:cobblestone":60,"minecraft:porkchop":1,"minecraft:yellow_bed":4,"minecraft:dandelion":1},"minecraft:broken":{"minecraft:stone_axe":1,"minecraft:stone_sword":1,"minecraft:wooden_pickaxe":1},"minecraft:picked_up":{"minecraft:iron_chestplate":1,"biomeswevegone:rose":1,"minecraft:wheat":33,"minecraft:flower_pot":7,"minecraft:oak_stairs":1,"minecraft:brewing_stand":2,"alexsmobs:gazelle_horn":3,"biomeswevegone:skyris_vine":78,"croptopia:artichoke_seed":1,"minecraft:string":18,"minecraft:sea_pickle":3,"biomeswevegone:skyris_sapling":5,"minecraft:smooth_stone":12,"minecraft:spruce_planks":8,"delightful:acorn":2,"minecraft:calcite":16,"biomesoplenty:redwood_wood":91,"minecraft:furnace":3,"minecraft:stick":33,"born_in_chaos_v1:shattered_skull":1,"minecraft:torch":2,"iceandfire:pixie_house_mushroom_brown":1,"minecraft:porkchop":5,"minecraft:lightning_rod":2,"biomesoplenty:orange_maple_sapling":1,"croptopia:ginger_seed":1,"minecraft:diorite":11,"born_in_chaos_v1:black_argillite_brick_stairs":1,"minecraft:rotten_flesh":37,"farmersdelight:onion":3,"iceandfire:fire_dragon_heart":1,"minecraft:snowball":2,"minecraft:cobblestone":82,"born_in_chaos_v1:spiritual_dust":2,"minecraft:jungle_wood":1,"minecraft:smoker":1,"minecraft:potato":4,"biomesoplenty:fir_sapling":17,"biomesoplenty:fir_log":78,"minecraft:flint":6,"croptopia:artichoke":1,"minecraft:mangrove_slab":2,"minecraft:dirt":27,"minecraft:lantern":1,"born_in_chaos_v1:monster_skin":1,"minecraft:bone":12,"farmersdelight:iron_knife":2,"delightful:mini_melon":4,"minecraft:wheat_seeds":71,"farmersdelight:pumpkin_slice":40,"minecraft:moss_block":3,"minecraft:oak_planks":10,"biomesoplenty:magic_sapling":1,"biomeswevegone:maple_planks":4,"biomeswevegone:maple_log":1,"croptopia:ginger":1,"minecraft:dark_oak_log":2,"minecraft:mossy_cobblestone":2,"minecraft:polished_andesite":1,"born_in_chaos_v1:fire_dust":1,"regions_unexplored:tall_pink_bioshroom":2,"minecraft:soul_lantern":10,"minecraft:bone_meal":1,"minecraft:bread":36,"biomesoplenty:pink_daffodil":5,"minecraft:oak_sapling":3,"biomeswevegone:willow_log":3,"minecraft:crafting_table":3,"croptopia:peach":8,"minecraft:clay_ball":8,"born_in_chaos_v1:seedof_chaos":1,"minecraft:redstone_lamp":8,"minecraft:leather_leggings":1,"minecraft:chain":1,"gravestone:obituary":1,"minecraft:stripped_mangrove_log":4,"minecraft:cornflower":3,"minecraft:moss_carpet":8,"born_in_chaos_v1:black_argillite_brick":1,"minecraft:cyan_carpet":1,"minecraft:cracked_stone_bricks":8,"biomeswevegone:mahogany_planks":1,"minecraft:poppy":1,"minecraft:sugar_cane":25,"knightlib:small_essence":2,"minecraft:egg":1,"minecraft:stripped_mangrove_wood":9,"minecraft:raw_iron":1,"iceandfire:dragonbone":1,"iceandfire:dragonscales_green":4,"croptopia:greenbean_seed":1,"born_in_chaos_v1:pieceofdarkmetal":3,"biomeswevegone:skyris_log":36,"minecraft:carrot":19,"biomeswevegone:blue_enchanted_sapling":1,"biomesoplenty:redwood_planks":2,"minecraft:arrow":2,"minecraft:peony":1,"minecraft:hay_block":110,"minecraft:stripped_dark_oak_wood":6,"biomesoplenty:redwood_sapling":23,"minecraft:white_wool":13,"minecraft:lime_bed":7,"born_in_chaos_v1:monster_flesh":3,"biomesoplenty:goldenrod":4,"minecraft:torchflower":1,"biomeswevegone:skyris_crafting_table":4,"minecraft:oak_log":2,"iceandfire:ectoplasm":1,"minecraft:yellow_bed":3,"biomeswevegone:clover_patch":2,"iceandfire:pixie_house_mushroom_red":5,"minecraft:apple":15,"minecraft:stone_bricks":9,"biomeswevegone:angelica":1,"minecraft:oak_fence_gate":1,"minecraft:iron_ingot":2,"biomesoplenty:magic_log":9,"minecraft:gray_bed":1,"minecraft:iron_sword":3,"iceandfire:fire_dragon_flesh":5,"knightlib:great_essence":2,"minecraft:dark_oak_stairs":1,"minecraft:dark_oak_slab":4,"croptopia:starfruit":1,"minecraft:stone_brick_slab":1,"born_in_chaos_v1:ethereal_spirit":4,"minecraft:dandelion":1,"ramcompat:stink_gland":3,"minecraft:gravel":32,"biomeswevegone:blue_spruce_sapling":1,"minecraft:blast_furnace":1,"minecraft:white_bed":6,"minecraft:leather_helmet":1,"biomeswevegone:crocus":1,"minecraft:iron_helmet":1,"croptopia:orange":12,"croptopia:greenbean":1,"biomeswevegone:foxglove":4,"biomeswevegone:tiny_lily_pads":1,"biomeswevegone:blueberries":5,"minecraft:coal":9,"minecraft:sunflower":2},"minecraft:mined":{"minecraft:spruce_planks":8,"minecraft:white_bed":6,"biomeswevegone:mahogany_planks":1,"minecraft:brewing_stand":2,"biomeswevegone:lush_grass_block":1,"minecraft:stone_brick_wall":1,"minecraft:grass_block":8,"biomeswevegone:foxglove":4,"minecraft:spawner":13,"minecraft:smooth_stone":12,"biomeswevegone:yellow_birch_leaves":3,"minecraft:dark_oak_trapdoor":1,"minecraft:iron_ore":1,"minecraft:moss_carpet":9,"minecraft:stripped_dark_oak_wood":7,"minecraft:azure_bluet":2,"minecraft:dark_oak_stairs":1,"croptopia:apple_crop":7,"minecraft:flowering_azalea_leaves":1,"minecraft:oak_stairs":3,"minecraft:iron_bars":6,"minecraft:stripped_mangrove_wood":9,"minecraft:smoker":1,"biomesoplenty:wildflower":1,"minecraft:soul_lantern":11,"biomeswevegone:skyris_crafting_table":4,"minecraft:clay":2,"minecraft:torch":1,"minecraft:blast_furnace":1,"minecraft:calcite":16,"minecraft:melon":1,"minecraft:spruce_wall_sign":1,"biomeswevegone:clover_patch":2,"minecraft:cobblestone":17,"minecraft:sugar_cane":13,"minecraft:oak_planks":10,"biomesoplenty:potted_orange_maple_sapling":1,"minecraft:wall_torch":2,"biomesoplenty:goldenrod":5,"biomeswevegone:potted_rose":1,"minecraft:repeater":1,"minecraft:jungle_wood":1,"minecraft:dark_oak_slab":2,"biomeswevegone:potted_blue_spruce_sapling":1,"minecraft:wheat":8,"biomesoplenty:fir_log":3,"minecraft:potted_poppy":1,"minecraft:grass":199,"biomesoplenty:clover":22,"minecraft:oak_log":1,"delightful:mini_melon":5,"minecraft:dirt":24,"minecraft:oak_leaves":38,"minecraft:redstone_lamp":8,"minecraft:suspicious_gravel":10,"regions_unexplored:tall_pink_bioshroom":2,"farmersdelight:onions":1,"croptopia:orange_crop":6,"minecraft:mossy_cobblestone":1,"minecraft:stripped_mangrove_log":8,"gravestone:gravestone":10,"minecraft:decorated_pot":1,"minecraft:spruce_leaves":1,"minecraft:moss_block":2,"minecraft:rooted_dirt":4,"minecraft:hay_block":115,"biomeswevegone:maple_log":1,"croptopia:ginger_crop":1,"biomeswevegone:pink_anemone":1,"minecraft:carrots":15,"minecraft:furnace":2,"biomeswevegone:angelica":1,"minecraft:peony":1,"croptopia:peach_crop":3,"minecraft:potatoes":3,"biomesoplenty:high_grass":43,"minecraft:vine":1,"regions_unexplored:medium_grass":4,"biomeswevegone:potted_blue_enchanted_sapling":1,"regions_unexplored:windswept_grass":7,"minecraft:stone":58,"minecraft:white_wool":13,"minecraft:cake":1,"biomesoplenty:redwood_planks":2,"minecraft:stone_brick_slab":1,"minecraft:dandelion":2,"minecraft:crafting_table":3,"minecraft:cornflower":2,"iceandfire:pixie_house_mushroom_brown":1,"biomeswevegone:crocus":1,"biomeswevegone:maple_planks":4,"minecraft:rose_bush":1,"minecraft:andesite_slab":1,"minecraft:lightning_rod":2,"biomesoplenty:high_grass_plant":93,"minecraft:tall_grass":9,"biomesoplenty:sprout":2,"biomesoplenty:huge_clover_petal":10,"minecraft:diorite":11,"wan_ancient_beasts:walker_skull":1,"minecraft:lime_bed":7,"minecraft:sea_pickle":2,"biomesoplenty:pink_daffodil":2,"minecraft:gray_bed":1,"minecraft:torchflower":1,"iceandfire:pixie_house_mushroom_red":5,"minecraft:yellow_bed":2,"minecraft:mangrove_slab":1,"minecraft:coal_ore":7,"biomesoplenty:fir_leaves":24,"minecraft:sunflower":1,"minecraft:cyan_carpet":1,"minecraft:gravel":45,"minecraft:flower_pot":1,"minecraft:cobweb":14,"biomesoplenty:redwood_sapling":1,"minecraft:cracked_stone_bricks":10,"minecraft:potted_white_tulip":2,"minecraft:stone_bricks":15,"minecraft:polished_andesite":1,"minecraft:fern":11}},"DataVersion":3465}