{"stats":{"minecraft:dropped":{"minecraft:cooked_beef":2,"minecraft:torch":29,"minecraft:smooth_stone":1},"minecraft:mined":{"minecraft:mossy_cobblestone":1,"minecraft:stripped_mangrove_log":8,"minecraft:soul_lantern":5,"minecraft:brewing_stand":2,"minecraft:crafting_table":2,"minecraft:torch":1,"gravestone:gravestone":1,"minecraft:blast_furnace":1,"minecraft:grass_block":1,"minecraft:rose_bush":1,"minecraft:lightning_rod":2,"minecraft:cobblestone":17,"minecraft:moss_block":2,"minecraft:oak_planks":9,"minecraft:diorite":9,"biomesoplenty:potted_orange_maple_sapling":1,"minecraft:wall_torch":1,"minecraft:spawner":1,"minecraft:smooth_stone":12,"biomeswevegone:potted_rose":1,"minecraft:lime_bed":4,"croptopia:ginger_crop":1,"biomeswevegone:potted_blue_spruce_sapling":1,"minecraft:furnace":2,"minecraft:sea_pickle":1,"minecraft:moss_carpet":9,"biomesoplenty:fir_log":3,"minecraft:potted_poppy":1,"minecraft:peony":1,"minecraft:grass":2,"minecraft:mangrove_slab":1,"minecraft:coal_ore":7,"biomesoplenty:fir_leaves":24,"minecraft:oak_stairs":3,"minecraft:cyan_carpet":1,"minecraft:cracked_stone_bricks":8,"biomeswevegone:potted_blue_enchanted_sapling":1,"minecraft:stripped_mangrove_wood":1,"minecraft:stone":58,"minecraft:stone_bricks":13,"minecraft:cake":1,"minecraft:redstone_lamp":8},"minecraft:picked_up":{"minecraft:lime_bed":4,"minecraft:crafting_table":2,"biomeswevegone:rose":1,"minecraft:flower_pot":5,"minecraft:redstone_lamp":8,"minecraft:oak_stairs":1,"biomesoplenty:fir_sapling":17,"biomesoplenty:fir_log":46,"croptopia:artichoke":1,"minecraft:brewing_stand":2,"minecraft:stripped_mangrove_log":4,"minecraft:moss_carpet":6,"minecraft:mangrove_slab":2,"minecraft:dirt":1,"croptopia:artichoke_seed":1,"minecraft:bone":2,"minecraft:cyan_carpet":1,"minecraft:stone_bricks":8,"minecraft:sea_pickle":2,"minecraft:cracked_stone_bricks":8,"minecraft:smooth_stone":12,"minecraft:moss_block":3,"minecraft:oak_planks":9,"knightlib:small_essence":1,"minecraft:furnace":3,"minecraft:stick":10,"minecraft:stripped_mangrove_wood":1,"croptopia:greenbean_seed":1,"minecraft:torch":2,"croptopia:ginger":1,"minecraft:lightning_rod":2,"biomesoplenty:orange_maple_sapling":1,"biomeswevegone:blue_spruce_sapling":1,"croptopia:ginger_seed":1,"minecraft:blast_furnace":1,"minecraft:diorite":9,"minecraft:carrot":5,"minecraft:dark_oak_log":2,"minecraft:mossy_cobblestone":2,"biomeswevegone:blue_enchanted_sapling":1,"minecraft:rotten_flesh":9,"minecraft:arrow":1,"minecraft:peony":1,"farmersdelight:onion":2,"minecraft:soul_lantern":5,"croptopia:greenbean":1,"minecraft:coal":9,"minecraft:cobblestone":78},"minecraft:used":{"minecraft:moss_block":3,"minecraft:diorite":9,"minecraft:stone_sword":51,"minecraft:stone_pickaxe":50,"minecraft:oak_planks":4,"minecraft:wooden_pickaxe":110,"biomesoplenty:fir_planks":4,"minecraft:cracked_stone_bricks":6,"minecraft:torch":8,"minecraft:golden_apple":1,"minecraft:mossy_cobblestone":2,"minecraft:dirt":1,"minecraft:crafting_table":2,"minecraft:lime_bed":4,"minecraft:carrot":9,"minecraft:smoker":1,"minecraft:wooden_axe":1,"minecraft:oak_stairs":1,"minecraft:stone_bricks":31,"minecraft:stone_axe":12,"minecraft:wooden_sword":4,"minecraft:cobblestone":29,"minecraft:furnace":1,"minecraft:cooked_rabbit":3,"minecraft:cooked_beef":1},"minecraft:broken":{"minecraft:wooden_pickaxe":1},"minecraft:killed":{"born_in_chaos_v1:zombie_lumberjack":1,"born_in_chaos_v1:decrepit_skeleton":1,"minecraft:skeleton":1,"minecraft:zombie":2},"minecraft:crafted":{"minecraft:wooden_sword":1,"minecraft:crafting_table":1,"minecraft:wooden_pickaxe":1,"minecraft:furnace":1,"minecraft:stone_axe":1,"biomesoplenty:fir_planks":16,"minecraft:stick":12,"born_in_chaos_v1:smoked_flesh":2,"minecraft:stone_pickaxe":1,"minecraft:stone_sword":2,"minecraft:torch":16,"minecraft:smoker":1},"minecraft:custom":{"minecraft:interact_with_furnace":2,"minecraft:mob_kills":5,"minecraft:interact_with_crafting_table":7,"minecraft:open_barrel":1,"minecraft:eat_cake_slice":7,"minecraft:time_since_death":35100,"minecraft:sleep_in_bed":4,"minecraft:time_since_rest":10254,"minecraft:damage_absorbed":40,"minecraft:sprint_one_cm":29582,"minecraft:damage_taken":1033,"minecraft:walk_one_cm":214585,"minecraft:drop":4,"minecraft:damage_dealt":1266,"minecraft:fly_one_cm":6830,"minecraft:player_kills":1,"minecraft:open_chest":10,"minecraft:crouch_one_cm":5577,"minecraft:play_time":86242,"minecraft:deaths":1,"minecraft:sneak_time":2941,"minecraft:jump":270,"minecraft:interact_with_blast_furnace":1,"minecraft:walk_on_water_one_cm":271,"minecraft:interact_with_smoker":3,"minecraft:total_world_time":86242,"minecraft:fall_one_cm":7273}},"DataVersion":3465}