{"stats":{"minecraft:mined":{"minecraft:furnace":1,"biomesoplenty:fir_log":3,"minecraft:crafting_table":1,"minecraft:grass":1,"biomesoplenty:fir_leaves":5,"minecraft:oak_stairs":3,"minecraft:cracked_stone_bricks":4,"minecraft:stone_bricks":4,"minecraft:stone":14,"minecraft:oak_planks":9,"minecraft:diorite":8},"minecraft:picked_up":{"minecraft:crafting_table":1,"minecraft:oak_stairs":1,"biomesoplenty:fir_log":3,"minecraft:diorite":8,"minecraft:stone_bricks":3,"minecraft:cracked_stone_bricks":4,"farmersdelight:onion":2,"minecraft:oak_planks":9,"minecraft:coal":2,"minecraft:cobblestone":14,"minecraft:furnace":1},"minecraft:used":{"minecraft:wooden_axe":1,"minecraft:oak_stairs":1,"minecraft:oak_planks":4,"minecraft:wooden_pickaxe":31,"minecraft:stone_bricks":3,"minecraft:cracked_stone_bricks":2,"minecraft:crafting_table":1},"minecraft:crafted":{"biomesoplenty:fir_planks":12,"minecraft:wooden_sword":1,"minecraft:crafting_table":1,"minecraft:stick":4,"minecraft:wooden_pickaxe":1},"minecraft:custom":{"minecraft:time_since_rest":3107,"minecraft:sprint_one_cm":3936,"minecraft:damage_taken":89,"minecraft:walk_one_cm":36100,"minecraft:interact_with_crafting_table":1,"minecraft:fly_one_cm":2504,"minecraft:open_chest":4,"minecraft:crouch_one_cm":3479,"minecraft:play_time":38242,"minecraft:sneak_time":2129,"minecraft:jump":57,"minecraft:eat_cake_slice":1,"minecraft:time_since_death":38242,"minecraft:sleep_in_bed":1,"minecraft:total_world_time":38242,"minecraft:fall_one_cm":3841}},"DataVersion":3465}