{"stats":{"minecraft:picked_up":{"minecraft:crafting_table":3,"minecraft:iron_chestplate":1,"minecraft:wheat":130,"minecraft:redstone_lamp":16,"minecraft:potion":2,"gravestone:obituary":30,"minecraft:brewing_stand":4,"minecraft:golden_sword":6,"minecraft:stripped_mangrove_log":4,"minecraft:moss_carpet":11,"minecraft:wooden_sword":2,"minecraft:beetroot":1,"minecraft:gold_nugget":8,"biomesoplenty:fir_planks":1,"minecraft:calcite":2,"minecraft:sugar_cane":35,"minecraft:furnace":2,"knightlib:small_essence":3,"minecraft:stick":15,"minecraft:raw_iron":3,"minecraft:stripped_mangrove_wood":12,"minecraft:torch":189,"minecraft:green_bed":3,"biomesoplenty:orange_maple_sapling":2,"minecraft:lightning_rod":6,"biomeswevegone:blue_enchanted_sapling":2,"minecraft:brown_carpet":5,"minecraft:arrow":5,"minecraft:rotten_flesh":37,"minecraft:hay_block":1,"minecraft:stripped_dark_oak_wood":2,"minecraft:cobblestone":159,"born_in_chaos_v1:corpse_maggot":2,"butchersdelightfoods:beeftenderloin":1,"minecraft:cooked_beef":2,"biomesoplenty:goldenrod":1,"minecraft:andesite":3,"minecraft:black_bed":2,"minecraft:leather":3,"minecraft:potato":17,"biomesoplenty:fir_sapling":12,"biomesoplenty:fir_log":83,"minecraft:oak_log":17,"species:wicked_wax":2,"minecraft:yellow_bed":1,"minecraft:dirt":1,"biomesoplenty:snowblossom_sapling":2,"minecraft:bone":9,"minecraft:apple":1,"minecraft:stone_bricks":5,"delightful:mini_melon":1,"minecraft:wheat_seeds":2,"minecraft:oak_fence_gate":1,"minecraft:stone_pickaxe":6,"minecraft:cooked_chicken":1,"minecraft:glowstone_dust":4,"minecraft:moss_block":7,"minecraft:mangrove_planks":36,"knightlib:great_essence":2,"minecraft:dandelion":1,"born_in_chaos_v1:ethereal_spirit":1,"croptopia:ginger":5,"biomeswevegone:blue_spruce_sapling":2,"alexsmobs:animal_dictionary":3,"minecraft:mossy_cobblestone":4,"minecraft:stone_axe":1,"minecraft:soul_lantern":20,"minecraft:spruce_sign":1,"minecraft:bread":20,"minecraft:oak_sapling":5,"minecraft:coal":67},"minecraft:broken":{"minecraft:leather_helmet":1,"minecraft:golden_sword":1,"minecraft:leather_boots":1,"minecraft:wooden_axe":1},"minecraft:crafted":{"minecraft:wooden_sword":2,"minecraft:oak_planks":32,"minecraft:stone_shovel":1,"minecraft:furnace":1,"minecraft:stone_pickaxe":3,"minecraft:golden_sword":2,"minecraft:wooden_shovel":1,"minecraft:crafting_table":3,"minecraft:wooden_pickaxe":1,"minecraft:stone_axe":1,"biomesoplenty:fir_planks":40,"minecraft:iron_chestplate":1,"minecraft:shield":1,"minecraft:stick":36,"minecraft:iron_ingot":3,"minecraft:wooden_axe":3,"minecraft:stone_sword":1,"minecraft:torch":16},"minecraft:killed":{"born_in_chaos_v1:restless_spirit":1,"born_in_chaos_v1:maggot":2,"minecraft:skeleton":2,"minecraft:wolf":1,"minecraft:husk":4,"born_in_chaos_v1:decrepit_skeleton":1,"minecraft:zombie":1},"minecraft:used":{"minecraft:stone_sword":147,"minecraft:shield":12,"minecraft:torch":8,"minecraft:carrot":4,"minecraft:wooden_axe":5,"minecraft:golden_sword":40,"minecraft:furnace":2,"minecraft:potato":4,"minecraft:cooked_beef":2,"minecraft:stone_pickaxe":179,"minecraft:wooden_pickaxe":41,"minecraft:green_bed":2,"minecraft:crafting_table":5,"minecraft:black_bed":2,"minecraft:apple":1,"minecraft:bread":11,"minecraft:stone_axe":3,"minecraft:wooden_sword":1,"minecraft:cobblestone":39,"biomesoplenty:fir_log":41},"minecraft:dropped":{"biomeswevegone:blue_enchanted_sapling":1,"minecraft:stripped_mangrove_wood":10,"minecraft:mangrove_planks":28,"biomesoplenty:orange_maple_sapling":2,"biomesoplenty:snowblossom_sapling":2,"minecraft:redstone_lamp":16,"minecraft:brewing_stand":2,"minecraft:torch":152,"knightlib:great_essence":2,"minecraft:potion":1,"gravestone:obituary":32,"minecraft:gold_nugget":7,"minecraft:wooden_sword":1,"biomeswevegone:blue_spruce_sapling":1,"minecraft:stone_axe":1,"minecraft:sugar_cane":28,"alexsmobs:animal_dictionary":2,"croptopia:ginger":4,"minecraft:wheat":120,"minecraft:soul_lantern":10,"minecraft:rotten_flesh":7,"minecraft:lightning_rod":4,"minecraft:potato":12,"butchersdelightfoods:beeftenderloin":1,"minecraft:oak_sapling":5,"minecraft:golden_sword":6,"minecraft:stone_pickaxe":4},"minecraft:mined":{"croptopia:orange_crop":1,"minecraft:mossy_cobblestone":5,"gravestone:gravestone":25,"minecraft:moss_block":8,"minecraft:hay_block":1,"minecraft:glowstone":1,"minecraft:furnace":2,"minecraft:iron_ore":3,"minecraft:andesite":3,"minecraft:moss_carpet":2,"minecraft:stripped_dark_oak_wood":1,"iceandfire:gold_pile":1,"minecraft:stripped_mangrove_wood":2,"minecraft:stone":149,"minecraft:green_bed":3,"minecraft:crafting_table":3,"minecraft:torch":4,"minecraft:calcite":2,"biomesoplenty:fir_planks":1,"minecraft:cobblestone":17,"minecraft:tall_grass":1,"minecraft:wall_torch":3,"minecraft:black_bed":2,"minecraft:mangrove_planks":1,"biomesoplenty:fir_log":10,"minecraft:yellow_bed":1,"minecraft:grass":13,"minecraft:oak_log":12,"minecraft:coal_ore":21,"minecraft:oak_fence_gate":1,"minecraft:dirt":2,"biomesoplenty:fir_sapling":1,"minecraft:stone_bricks":3,"minecraft:oak_leaves":2,"minecraft:fern":9},"minecraft:custom":{"minecraft:mob_kills":12,"minecraft:interact_with_crafting_table":26,"minecraft:open_barrel":2,"minecraft:eat_cake_slice":7,"minecraft:leave_game":1,"minecraft:time_since_death":10766,"minecraft:climb_one_cm":196,"minecraft:sprint_one_cm":103455,"minecraft:walk_one_cm":551079,"minecraft:damage_blocked_by_shield":310,"minecraft:drop":111,"minecraft:play_time":104921,"minecraft:deaths":32,"minecraft:sneak_time":924,"minecraft:walk_under_water_one_cm":313,"minecraft:jump":805,"minecraft:interact_with_blast_furnace":9,"minecraft:walk_on_water_one_cm":4308,"minecraft:total_world_time":104921,"minecraft:interact_with_furnace":9,"minecraft:tune_noteblock":1,"minecraft:sleep_in_bed":2,"minecraft:time_since_rest":10790,"minecraft:damage_taken":9413,"minecraft:damage_dealt":3994,"minecraft:fly_one_cm":21200,"minecraft:open_chest":10,"minecraft:crouch_one_cm":328,"waystones:waystone_activated":2,"minecraft:fall_one_cm":19419},"minecraft:killed_by":{"minecraft:husk":8,"minecraft:player":1}},"DataVersion":3465}