{"stats":{"minecraft:dropped":{"minecraft:stone_axe":1,"gravestone:obituary":1},"minecraft:mined":{"biomesoplenty:fir_log":10,"minecraft:crafting_table":1,"minecraft:grass":1,"minecraft:dirt":1,"biomesoplenty:fir_sapling":1,"minecraft:stone":149,"minecraft:fern":1},"minecraft:picked_up":{"minecraft:stick":13,"minecraft:crafting_table":1,"biomesoplenty:fir_sapling":12,"biomesoplenty:fir_log":83,"gravestone:obituary":1,"minecraft:dirt":1,"minecraft:stone_axe":1,"minecraft:cobblestone":146},"minecraft:used":{"minecraft:stone_pickaxe":109,"minecraft:wooden_pickaxe":41,"minecraft:stone_axe":3,"minecraft:crafting_table":1},"minecraft:broken":{"minecraft:wooden_axe":1},"minecraft:crafted":{"biomesoplenty:fir_planks":28,"minecraft:wooden_sword":1,"minecraft:wooden_shovel":1,"minecraft:stone_shovel":1,"minecraft:crafting_table":1,"minecraft:stick":20,"minecraft:wooden_pickaxe":1,"minecraft:stone_pickaxe":3,"minecraft:wooden_axe":2,"minecraft:stone_sword":1,"minecraft:stone_axe":1},"minecraft:custom":{"minecraft:time_since_rest":16231,"minecraft:sprint_one_cm":6723,"minecraft:walk_one_cm":51495,"minecraft:damage_taken":40,"minecraft:drop":2,"minecraft:damage_dealt":-72,"minecraft:interact_with_crafting_table":6,"minecraft:fly_one_cm":306,"minecraft:crouch_one_cm":315,"minecraft:play_time":18204,"minecraft:deaths":1,"minecraft:sneak_time":842,"minecraft:jump":148,"minecraft:leave_game":1,"minecraft:time_since_death":16199,"minecraft:total_world_time":18204,"minecraft:fall_one_cm":2605}},"DataVersion":3465}