{"stats":{"minecraft:dropped":{"minecraft:stone_axe":1,"gravestone:obituary":1},"minecraft:mined":{"minecraft:hay_block":1,"minecraft:andesite":1,"biomesoplenty:fir_log":10,"minecraft:crafting_table":1,"gravestone:gravestone":2,"minecraft:grass":3,"minecraft:coal_ore":19,"biomesoplenty:fir_planks":1,"minecraft:dirt":1,"biomesoplenty:fir_sapling":1,"minecraft:cobblestone":4,"minecraft:stone":149,"minecraft:moss_block":1,"minecraft:fern":1},"minecraft:picked_up":{"minecraft:stick":13,"minecraft:crafting_table":1,"minecraft:cooked_beef":2,"minecraft:andesite":1,"biomesoplenty:fir_sapling":12,"biomesoplenty:fir_log":83,"gravestone:obituary":1,"minecraft:stripped_mangrove_log":4,"minecraft:dirt":1,"minecraft:bone":7,"minecraft:arrow":5,"minecraft:beetroot":1,"minecraft:stone_axe":1,"biomesoplenty:fir_planks":1,"minecraft:hay_block":1,"minecraft:moss_block":1,"minecraft:coal":19,"minecraft:cobblestone":148,"knightlib:small_essence":1},"minecraft:used":{"minecraft:apple":1,"minecraft:stone_sword":23,"minecraft:stone_pickaxe":133,"minecraft:wooden_pickaxe":41,"minecraft:stone_axe":3,"minecraft:cobblestone":24,"minecraft:crafting_table":2,"minecraft:cooked_beef":2},"minecraft:killed_by":{"minecraft:player":1},"minecraft:broken":{"minecraft:wooden_axe":1},"minecraft:killed":{"minecraft:skeleton":2},"minecraft:crafted":{"biomesoplenty:fir_planks":28,"minecraft:wooden_sword":1,"minecraft:wooden_shovel":1,"minecraft:stone_shovel":1,"minecraft:crafting_table":1,"minecraft:stick":24,"minecraft:wooden_pickaxe":1,"minecraft:stone_pickaxe":3,"minecraft:wooden_axe":2,"minecraft:stone_sword":1,"minecraft:stone_axe":1},"minecraft:custom":{"minecraft:time_since_rest":4321,"minecraft:sprint_one_cm":16181,"minecraft:walk_one_cm":121034,"minecraft:damage_taken":990,"minecraft:mob_kills":2,"minecraft:drop":2,"minecraft:damage_dealt":423,"minecraft:tune_noteblock":1,"minecraft:interact_with_crafting_table":11,"minecraft:fly_one_cm":2353,"minecraft:open_chest":1,"minecraft:crouch_one_cm":315,"minecraft:play_time":30204,"minecraft:deaths":3,"minecraft:sneak_time":842,"minecraft:jump":237,"minecraft:interact_with_blast_furnace":1,"minecraft:leave_game":1,"minecraft:time_since_death":4163,"minecraft:total_world_time":30204,"minecraft:fall_one_cm":7459}},"DataVersion":3465}