{"stats":{"minecraft:killed":{"born_in_chaos_v1:zombie_lumberjack":1,"born_in_chaos_v1:restless_spirit":1,"minecraft:spider":8,"born_in_chaos_v1:maggot":4,"minecraft:skeleton":8,"minecraft:chicken":1,"alexsmobs:flying_fish":1,"minecraft:wolf":1,"minecraft:husk":4,"born_in_chaos_v1:decrepit_skeleton":1,"minecraft:zombie":2,"born_in_chaos_v1:door_knight":2},"minecraft:crafted":{"minecraft:wooden_sword":2,"minecraft:oak_planks":36,"minecraft:stone_shovel":1,"minecraft:furnace":1,"minecraft:stone_pickaxe":3,"minecraft:golden_sword":2,"minecraft:wooden_shovel":1,"minecraft:crafting_table":3,"minecraft:wooden_pickaxe":2,"minecraft:iron_sword":1,"minecraft:stone_axe":1,"biomesoplenty:fir_planks":40,"minecraft:iron_chestplate":1,"minecraft:shield":1,"minecraft:stick":36,"minecraft:iron_ingot":3,"minecraft:wooden_axe":3,"minecraft:stone_sword":1,"minecraft:torch":16},"minecraft:mined":{"croptopia:orange_crop":1,"minecraft:mossy_cobblestone":5,"gravestone:gravestone":27,"minecraft:grass_block":6,"minecraft:moss_block":8,"minecraft:kelp":13,"minecraft:large_fern":5,"minecraft:hay_block":1,"minecraft:glowstone":1,"minecraft:furnace":2,"minecraft:iron_ore":3,"minecraft:andesite":3,"minecraft:moss_carpet":2,"minecraft:stripped_dark_oak_wood":1,"minecraft:brown_bed":1,"minecraft:vine":1,"iceandfire:gold_pile":1,"minecraft:oak_stairs":1,"minecraft:stripped_oak_log":1,"regions_unexplored:medium_grass":1,"minecraft:stone":149,"minecraft:stripped_mangrove_wood":2,"minecraft:cake":3,"minecraft:green_bed":5,"minecraft:kelp_plant":3,"minecraft:crafting_table":5,"minecraft:torch":8,"minecraft:calcite":2,"biomesoplenty:fir_planks":1,"minecraft:cobblestone":17,"minecraft:tall_grass":4,"minecraft:wall_torch":4,"biomesoplenty:goldenrod":1,"minecraft:mangrove_planks":1,"minecraft:black_bed":2,"biomesoplenty:fir_log":10,"minecraft:yellow_bed":2,"minecraft:grass":42,"minecraft:coal_ore":21,"minecraft:oak_log":13,"minecraft:oak_fence_gate":1,"minecraft:dirt":4,"minecraft:cobweb":10,"biomesoplenty:fir_sapling":1,"biomesoplenty:redwood_sapling":1,"minecraft:tripwire_hook":1,"minecraft:stone_bricks":3,"minecraft:oak_leaves":2,"minecraft:redstone_lamp":1,"minecraft:fern":19},"minecraft:picked_up":{"minecraft:wheat":130,"minecraft:crafting_table":5,"minecraft:iron_chestplate":1,"minecraft:black_carpet":2,"minecraft:chicken":1,"croptopia:peach":3,"minecraft:redstone_lamp":17,"minecraft:oak_stairs":2,"minecraft:enchanted_book":2,"minecraft:potion":2,"gravestone:obituary":30,"minecraft:brewing_stand":4,"minecraft:golden_sword":6,"minecraft:stripped_mangrove_log":4,"minecraft:cornflower":1,"minecraft:string":32,"minecraft:moss_carpet":11,"minecraft:wooden_sword":2,"minecraft:beetroot":1,"minecraft:gold_nugget":8,"biomesoplenty:fir_planks":1,"minecraft:calcite":2,"biomesoplenty:redwood_wood":196,"minecraft:sugar_cane":35,"minecraft:furnace":2,"knightlib:small_essence":9,"minecraft:stick":26,"minecraft:raw_iron":3,"minecraft:stripped_mangrove_wood":12,"minecraft:torch":210,"minecraft:green_bed":5,"minecraft:lightning_rod":6,"biomesoplenty:orange_maple_sapling":2,"minecraft:cherry_log":2,"minecraft:carrot":1,"born_in_chaos_v1:pieceofdarkmetal":1,"minecraft:redstone":3,"biomeswevegone:blue_enchanted_sapling":2,"minecraft:dark_oak_planks":6,"minecraft:brown_carpet":5,"minecraft:arrow":15,"minecraft:rotten_flesh":44,"butchersdelightfoods:ham":2,"minecraft:hay_block":2,"minecraft:stripped_dark_oak_wood":2,"biomesoplenty:redwood_sapling":15,"alexsmobs:flying_fish":1,"minecraft:cobblestone":162,"minecraft:stripped_oak_log":1,"born_in_chaos_v1:corpse_maggot":3,"minecraft:tripwire_hook":1,"butchersdelightfoods:beeftenderloin":3,"minecraft:feather":1,"minecraft:cooked_beef":2,"born_in_chaos_v1:spiritual_dust":9,"minecraft:jungle_log":2,"minecraft:andesite":3,"biomesoplenty:goldenrod":3,"minecraft:black_bed":2,"minecraft:leather":6,"minecraft:potato":21,"biomesoplenty:fir_sapling":12,"biomesoplenty:fir_log":83,"minecraft:oak_log":17,"species:wicked_wax":2,"minecraft:yellow_bed":2,"minecraft:dirt":9,"biomesoplenty:snowblossom_sapling":2,"minecraft:bone":19,"minecraft:apple":15,"minecraft:stone_bricks":5,"minecraft:kelp":26,"delightful:mini_melon":1,"minecraft:wheat_seeds":7,"minecraft:iron_ingot":3,"minecraft:oak_fence_gate":1,"minecraft:stone_pickaxe":6,"minecraft:cooked_chicken":1,"minecraft:glowstone_dust":4,"minecraft:moss_block":7,"minecraft:mangrove_planks":36,"minecraft:iron_sword":3,"knightlib:great_essence":4,"born_in_chaos_v1:ethereal_spirit":1,"minecraft:dandelion":1,"croptopia:ginger":5,"biomeswevegone:blue_spruce_sapling":2,"alexsmobs:animal_dictionary":3,"minecraft:mossy_cobblestone":4,"minecraft:sugar":1,"minecraft:stone_axe":1,"minecraft:soul_lantern":20,"regions_unexplored:clover":3,"minecraft:golden_apple":1,"minecraft:spruce_sign":1,"minecraft:bread":71,"alexsmobs:maggot":1,"minecraft:oak_sapling":5,"minecraft:coal":67},"minecraft:broken":{"minecraft:leather_helmet":1,"minecraft:golden_sword":1,"minecraft:leather_boots":1,"minecraft:iron_sword":1,"minecraft:wooden_axe":2},"minecraft:used":{"minecraft:stone_sword":147,"minecraft:shield":12,"minecraft:iron_sword":385,"minecraft:stone_hoe":10,"minecraft:torch":15,"minecraft:carrot":4,"minecraft:wooden_axe":11,"biomesoplenty:redwood_wood":24,"minecraft:golden_sword":40,"minecraft:furnace":2,"minecraft:cooked_beef":2,"minecraft:potato":4,"minecraft:stone_pickaxe":179,"minecraft:oak_planks":4,"minecraft:leather_chestplate":1,"minecraft:wooden_pickaxe":42,"minecraft:green_bed":4,"minecraft:crafting_table":6,"minecraft:black_bed":2,"minecraft:apple":12,"minecraft:bread":45,"minecraft:stone_axe":3,"minecraft:wooden_sword":3,"minecraft:cobblestone":42,"minecraft:yellow_bed":1,"biomesoplenty:fir_log":41},"minecraft:custom":{"minecraft:mob_kills":36,"minecraft:interact_with_crafting_table":34,"minecraft:open_barrel":8,"minecraft:damage_dealt_resisted":1442,"minecraft:eat_cake_slice":10,"minecraft:leave_game":1,"minecraft:time_since_death":4874,"minecraft:climb_one_cm":5867,"minecraft:sprint_one_cm":344474,"minecraft:walk_one_cm":1030172,"minecraft:damage_blocked_by_shield":310,"minecraft:drop":135,"minecraft:play_time":195981,"minecraft:deaths":34,"minecraft:sneak_time":1821,"minecraft:walk_under_water_one_cm":16661,"minecraft:boat_one_cm":82357,"minecraft:interact_with_lectern":1,"minecraft:jump":1527,"minecraft:interact_with_blast_furnace":9,"minecraft:walk_on_water_one_cm":20886,"minecraft:total_world_time":195981,"minecraft:interact_with_furnace":12,"minecraft:interact_with_cartography_table":1,"minecraft:tune_noteblock":1,"minecraft:sleep_in_bed":5,"minecraft:time_since_rest":4901,"minecraft:damage_taken":11855,"minecraft:damage_dealt":9443,"minecraft:swim_one_cm":4989,"minecraft:fly_one_cm":66029,"minecraft:open_chest":30,"minecraft:crouch_one_cm":645,"waystones:waystone_activated":2,"minecraft:interact_with_smoker":1,"minecraft:fall_one_cm":33435,"minecraft:horse_one_cm":96813},"minecraft:killed_by":{"minecraft:husk":8,"minecraft:player":1},"minecraft:dropped":{"minecraft:bread":1,"biomeswevegone:blue_enchanted_sapling":1,"minecraft:iron_sword":1,"knightlib:small_essence":2,"minecraft:stripped_mangrove_wood":10,"minecraft:mangrove_planks":28,"biomesoplenty:orange_maple_sapling":2,"minecraft:golden_apple":1,"biomesoplenty:snowblossom_sapling":2,"minecraft:redstone_lamp":16,"minecraft:brewing_stand":2,"minecraft:torch":153,"knightlib:great_essence":2,"minecraft:potion":1,"gravestone:obituary":34,"minecraft:wooden_sword":1,"minecraft:gold_nugget":7,"biomeswevegone:blue_spruce_sapling":1,"minecraft:stone_axe":1,"minecraft:kelp":11,"minecraft:sugar_cane":28,"alexsmobs:animal_dictionary":2,"croptopia:ginger":4,"minecraft:wheat":120,"minecraft:soul_lantern":10,"minecraft:rotten_flesh":7,"born_in_chaos_v1:spiritual_dust":9,"minecraft:lightning_rod":4,"minecraft:potato":12,"butchersdelightfoods:beeftenderloin":1,"minecraft:oak_sapling":5,"minecraft:golden_sword":6,"butchersdelightfoods:ham":2,"minecraft:stone_pickaxe":4}},"DataVersion":3465}