{"stats":{"minecraft:dropped":{"minecraft:bread":2,"biomeswevegone:blue_enchanted_sapling":1,"minecraft:iron_sword":1,"knightlib:small_essence":4,"minecraft:stripped_mangrove_wood":14,"minecraft:mangrove_planks":28,"biomesoplenty:orange_maple_sapling":2,"minecraft:golden_apple":1,"biomesoplenty:snowblossom_sapling":2,"minecraft:redstone_lamp":16,"minecraft:brewing_stand":2,"minecraft:torch":153,"knightlib:great_essence":3,"minecraft:potion":1,"gravestone:obituary":37,"minecraft:wooden_sword":1,"minecraft:gold_nugget":7,"biomeswevegone:blue_spruce_sapling":1,"minecraft:iron_pickaxe":1,"minecraft:stone_axe":1,"minecraft:kelp":11,"minecraft:sugar_cane":28,"alexsmobs:animal_dictionary":2,"croptopia:ginger":4,"minecraft:wheat":120,"minecraft:soul_lantern":10,"minecraft:rotten_flesh":13,"born_in_chaos_v1:spiritual_dust":9,"minecraft:lightning_rod":4,"minecraft:potato":12,"butchersdelightfoods:beeftenderloin":1,"minecraft:oak_sapling":5,"minecraft:golden_sword":6,"butchersdelightfoods:ham":2,"minecraft:stone_pickaxe":4,"minecraft:cyan_bed":2},"minecraft:mined":{"biomeswevegone:cyan_amaranth":1,"croptopia:orange_crop":1,"minecraft:mossy_cobblestone":5,"minecraft:jungle_leaves":12,"gravestone:gravestone":30,"minecraft:grass_block":15,"minecraft:moss_block":8,"minecraft:kelp":13,"biomeswevegone:magenta_amaranth":1,"minecraft:spawner":3,"minecraft:large_fern":5,"minecraft:hay_block":1,"minecraft:glowstone":1,"minecraft:furnace":2,"biomeswevegone:tiny_lily_pads":3,"minecraft:iron_ore":3,"minecraft:andesite":7,"minecraft:moss_carpet":2,"minecraft:stripped_dark_oak_wood":1,"minecraft:brown_bed":1,"minecraft:vine":6,"iceandfire:gold_pile":1,"minecraft:oak_stairs":1,"minecraft:stripped_oak_log":1,"biomeswevegone:rocky_stone":3,"regions_unexplored:medium_grass":1,"minecraft:bamboo":2,"minecraft:stone":158,"minecraft:stripped_mangrove_wood":3,"minecraft:cake":3,"minecraft:green_bed":5,"minecraft:podzol":2,"minecraft:kelp_plant":3,"minecraft:crafting_table":5,"minecraft:torch":8,"minecraft:calcite":2,"biomesoplenty:fir_planks":1,"minecraft:tall_grass":5,"minecraft:cobblestone":17,"biomesoplenty:sprout":1,"minecraft:cyan_bed":7,"minecraft:wall_torch":4,"biomesoplenty:goldenrod":1,"minecraft:seagrass":1,"biomeswevegone:witch_hazel_branch":1,"minecraft:mangrove_planks":1,"minecraft:black_bed":2,"minecraft:yellow_bed":2,"biomesoplenty:fir_log":10,"minecraft:grass":61,"minecraft:coal_ore":77,"minecraft:oak_log":13,"minecraft:beetroots":2,"minecraft:oak_fence_gate":1,"minecraft:dirt":8,"minecraft:cobweb":10,"biomesoplenty:fir_sapling":1,"biomesoplenty:redwood_sapling":1,"minecraft:tripwire_hook":1,"minecraft:stone_bricks":3,"minecraft:oak_leaves":2,"minecraft:fern":20,"minecraft:redstone_lamp":1},"minecraft:picked_up":{"minecraft:coarse_dirt":6,"minecraft:wheat":130,"minecraft:iron_chestplate":1,"minecraft:crafting_table":5,"minecraft:black_carpet":2,"biomeswevegone:magenta_amaranth":1,"minecraft:chicken":1,"croptopia:peach":3,"minecraft:redstone_lamp":17,"minecraft:oak_stairs":2,"minecraft:potion":2,"minecraft:enchanted_book":2,"gravestone:obituary":30,"minecraft:brewing_stand":4,"minecraft:golden_sword":6,"minecraft:stripped_mangrove_log":4,"minecraft:cornflower":1,"minecraft:string":32,"minecraft:moss_carpet":11,"alexsmobs:ancient_dart":1,"minecraft:wooden_sword":2,"minecraft:armor_stand":1,"minecraft:beetroot":4,"minecraft:gold_nugget":8,"biomesoplenty:fir_planks":1,"minecraft:calcite":2,"minecraft:iron_pickaxe":1,"biomesoplenty:redwood_wood":196,"minecraft:sugar_cane":35,"minecraft:egg":1,"minecraft:furnace":2,"knightlib:small_essence":13,"minecraft:tipped_arrow":11,"minecraft:stick":30,"minecraft:raw_iron":3,"minecraft:stripped_mangrove_wood":16,"minecraft:torch":210,"minecraft:green_bed":5,"minecraft:lightning_rod":6,"biomesoplenty:orange_maple_sapling":2,"minecraft:cherry_log":2,"minecraft:carrot":1,"born_in_chaos_v1:pieceofdarkmetal":1,"minecraft:redstone":3,"biomeswevegone:blue_enchanted_sapling":2,"minecraft:dark_oak_planks":6,"minecraft:brown_carpet":5,"minecraft:arrow":25,"minecraft:rotten_flesh":62,"minecraft:beetroot_seeds":6,"butchersdelightfoods:ham":2,"minecraft:hay_block":2,"minecraft:stripped_dark_oak_wood":2,"biomesoplenty:redwood_sapling":15,"alexsmobs:flying_fish":1,"minecraft:cobblestone":169,"minecraft:stripped_oak_log":1,"born_in_chaos_v1:corpse_maggot":5,"minecraft:leather_chestplate":1,"butchersdelightfoods:beeftenderloin":3,"minecraft:feather":1,"minecraft:cooked_beef":2,"minecraft:tripwire_hook":1,"minecraft:jungle_log":2,"born_in_chaos_v1:spiritual_dust":9,"minecraft:andesite":3,"minecraft:black_bed":2,"biomesoplenty:goldenrod":3,"minecraft:leather":6,"minecraft:potato":21,"biomesoplenty:fir_sapling":12,"biomesoplenty:fir_log":83,"biomeswevegone:orchard_sapling":2,"minecraft:oak_log":17,"species:wicked_wax":2,"minecraft:yellow_bed":2,"minecraft:blue_bed":1,"minecraft:dirt":23,"biomesoplenty:snowblossom_sapling":2,"minecraft:bone":29,"minecraft:apple":15,"minecraft:stone_bricks":5,"minecraft:kelp":26,"minecraft:bow":1,"delightful:mini_melon":1,"minecraft:wheat_seeds":9,"minecraft:stone_pickaxe":6,"minecraft:iron_ingot":3,"minecraft:oak_fence_gate":1,"minecraft:cooked_chicken":1,"minecraft:bamboo":13,"minecraft:glowstone_dust":4,"minecraft:moss_block":7,"minecraft:mangrove_planks":36,"minecraft:iron_sword":3,"knightlib:great_essence":16,"biomeswevegone:rocky_stone":1,"minecraft:dandelion":1,"born_in_chaos_v1:ethereal_spirit":1,"croptopia:ginger":5,"biomeswevegone:blue_spruce_sapling":2,"minecraft:leather_helmet":1,"minecraft:cyan_bed":9,"alexsmobs:animal_dictionary":3,"minecraft:mossy_cobblestone":4,"alexsmobs:raw_catfish":6,"minecraft:sugar":1,"minecraft:stone_axe":1,"minecraft:soul_lantern":20,"regions_unexplored:clover":3,"minecraft:golden_apple":1,"biomeswevegone:tiny_lily_pads":3,"minecraft:spruce_sign":1,"minecraft:bread":109,"alexsmobs:maggot":1,"minecraft:oak_sapling":6,"minecraft:coal":123},"minecraft:used":{"minecraft:stone_sword":147,"minecraft:shield":12,"minecraft:iron_sword":577,"minecraft:stone_hoe":30,"minecraft:torch":18,"minecraft:dirt":2,"minecraft:carrot":6,"minecraft:wooden_axe":11,"biomesoplenty:redwood_wood":24,"minecraft:golden_sword":40,"minecraft:furnace":2,"minecraft:cooked_beef":2,"minecraft:potato":4,"minecraft:stone_pickaxe":179,"minecraft:oak_planks":4,"minecraft:leather_chestplate":1,"minecraft:wooden_pickaxe":42,"minecraft:blue_bed":1,"minecraft:green_bed":4,"minecraft:crafting_table":6,"minecraft:black_bed":2,"minecraft:apple":12,"minecraft:cyan_bed":6,"minecraft:bread":89,"minecraft:iron_pickaxe":80,"minecraft:stone_axe":3,"minecraft:wooden_sword":3,"minecraft:cobblestone":42,"minecraft:yellow_bed":1,"biomesoplenty:fir_log":41,"minecraft:coarse_dirt":3},"minecraft:killed_by":{"minecraft:husk":8,"minecraft:player":1},"minecraft:broken":{"minecraft:leather_helmet":1,"minecraft:golden_sword":1,"minecraft:leather_boots":1,"minecraft:iron_sword":2,"minecraft:wooden_axe":2},"minecraft:killed":{"born_in_chaos_v1:restless_spirit":1,"born_in_chaos_v1:zombie_lumberjack":1,"minecraft:spider":8,"born_in_chaos_v1:maggot":13,"minecraft:skeleton":14,"minecraft:chicken":1,"alexsmobs:flying_fish":1,"minecraft:wolf":1,"minecraft:husk":4,"born_in_chaos_v1:spirit_guide_assistant":2,"born_in_chaos_v1:decrepit_skeleton":1,"alexsmobs:catfish":1,"minecraft:zombie":16,"born_in_chaos_v1:corpse_fly":1,"born_in_chaos_v1:door_knight":2},"minecraft:crafted":{"minecraft:wooden_sword":2,"minecraft:oak_planks":36,"minecraft:stone_shovel":1,"minecraft:furnace":1,"minecraft:iron_axe":1,"minecraft:stone_pickaxe":3,"minecraft:golden_sword":2,"minecraft:wooden_shovel":1,"minecraft:crafting_table":3,"minecraft:wooden_pickaxe":2,"minecraft:iron_sword":1,"minecraft:stone_axe":1,"biomesoplenty:fir_planks":40,"minecraft:iron_chestplate":1,"minecraft:shield":1,"minecraft:stick":36,"minecraft:iron_ingot":3,"minecraft:iron_pickaxe":1,"minecraft:wooden_axe":3,"minecraft:stone_sword":1,"minecraft:torch":16},"minecraft:custom":{"minecraft:mob_kills":69,"minecraft:interact_with_crafting_table":37,"minecraft:open_barrel":10,"minecraft:bell_ring":1,"minecraft:damage_dealt_resisted":1512,"minecraft:eat_cake_slice":10,"minecraft:leave_game":1,"minecraft:time_since_death":37906,"minecraft:climb_one_cm":14055,"minecraft:sprint_one_cm":722048,"minecraft:walk_one_cm":1573895,"minecraft:damage_blocked_by_shield":310,"minecraft:drop":152,"minecraft:talked_to_villager":3,"minecraft:play_time":296363,"minecraft:deaths":37,"minecraft:sneak_time":1837,"minecraft:walk_under_water_one_cm":26335,"minecraft:boat_one_cm":82357,"minecraft:interact_with_lectern":1,"minecraft:jump":2753,"minecraft:interact_with_blast_furnace":10,"minecraft:walk_on_water_one_cm":45390,"minecraft:total_world_time":296363,"minecraft:interact_with_furnace":14,"minecraft:tune_noteblock":1,"minecraft:interact_with_cartography_table":1,"minecraft:sleep_in_bed":10,"minecraft:time_since_rest":37958,"minecraft:damage_taken":14882,"minecraft:damage_dealt":14687,"minecraft:swim_one_cm":19744,"minecraft:fly_one_cm":141219,"minecraft:open_chest":51,"minecraft:crouch_one_cm":808,"waystones:waystone_activated":2,"minecraft:interact_with_smoker":2,"minecraft:fall_one_cm":51138,"minecraft:horse_one_cm":96813}},"DataVersion":3465}