{"stats":{"minecraft:dropped":{"minecraft:iron_sword":3,"knightlib:small_essence":4,"minecraft:stripped_mangrove_wood":14,"minecraft:baked_potato":24,"minecraft:mangrove_planks":28,"biomesoplenty:orange_maple_sapling":2,"minecraft:dirt":3,"minecraft:redstone_lamp":16,"gravestone:obituary":38,"minecraft:wooden_sword":1,"minecraft:gold_nugget":7,"minecraft:iron_pickaxe":2,"minecraft:bone":4,"minecraft:stone_axe":1,"minecraft:sugar_cane":28,"alexsmobs:animal_dictionary":2,"minecraft:wheat":120,"minecraft:soul_lantern":10,"minecraft:rotten_flesh":13,"minecraft:gunpowder":4,"butchersdelightfoods:beeftenderloin":1,"minecraft:bread":18,"biomeswevegone:blue_enchanted_sapling":1,"minecraft:oak_slab":10,"minecraft:golden_apple":1,"biomesoplenty:snowblossom_sapling":2,"minecraft:brewing_stand":2,"minecraft:torch":153,"knightlib:great_essence":5,"minecraft:potion":1,"minecraft:iron_leggings":1,"minecraft:iron_axe":3,"biomeswevegone:blue_spruce_sapling":1,"minecraft:redstone":5,"minecraft:kelp":11,"croptopia:ginger":4,"born_in_chaos_v1:spiritual_dust":9,"minecraft:lightning_rod":4,"minecraft:potato":21,"minecraft:shield":1,"minecraft:oak_sapling":6,"minecraft:golden_sword":6,"butchersdelightfoods:ham":2,"minecraft:stone_pickaxe":4,"minecraft:cyan_bed":2},"minecraft:custom":{"minecraft:interact_with_crafting_table":49,"minecraft:open_barrel":30,"minecraft:bell_ring":1,"minecraft:eat_cake_slice":12,"minecraft:leave_game":6,"minecraft:time_since_death":120831,"minecraft:sprint_one_cm":1361164,"minecraft:damage_blocked_by_shield":2086,"minecraft:drop":222,"minecraft:talked_to_villager":4,"minecraft:play_time":534868,"minecraft:deaths":39,"minecraft:jump":8964,"minecraft:walk_on_water_one_cm":116190,"minecraft:interact_with_furnace":26,"minecraft:interact_with_cartography_table":1,"minecraft:sleep_in_bed":17,"minecraft:damage_dealt":28403,"minecraft:crouch_one_cm":810,"waystones:waystone_activated":3,"minecraft:interact_with_smoker":2,"minecraft:horse_one_cm":96813,"minecraft:mob_kills":145,"minecraft:damage_dealt_resisted":2539,"minecraft:climb_one_cm":26498,"minecraft:walk_one_cm":2779109,"minecraft:sneak_time":1842,"minecraft:walk_under_water_one_cm":69492,"minecraft:boat_one_cm":82357,"minecraft:interact_with_lectern":1,"minecraft:interact_with_blast_furnace":10,"minecraft:total_world_time":534868,"minecraft:tune_noteblock":2,"minecraft:time_since_rest":1663,"minecraft:damage_taken":23294,"minecraft:damage_absorbed":80,"minecraft:swim_one_cm":44215,"minecraft:fly_one_cm":271962,"minecraft:open_chest":92,"minecraft:fall_one_cm":111249},"minecraft:crafted":{"minecraft:oak_planks":60,"minecraft:stone":5,"minecraft:golden_sword":3,"minecraft:wooden_shovel":1,"minecraft:crafting_table":4,"minecraft:wooden_pickaxe":2,"minecraft:iron_helmet":1,"minecraft:baked_potato":18,"minecraft:copper_ingot":4,"biomesoplenty:fir_planks":40,"minecraft:iron_chestplate":1,"minecraft:shield":3,"minecraft:stick":36,"minecraft:iron_ingot":3,"minecraft:iron_pickaxe":1,"minecraft:stone_sword":2,"minecraft:gold_ingot":4,"minecraft:wooden_sword":2,"minecraft:stone_shovel":1,"minecraft:furnace":1,"minecraft:iron_axe":1,"minecraft:stone_pickaxe":3,"alexsmobs:cooked_kangaroo_meat":1,"minecraft:iron_sword":2,"minecraft:stone_axe":1,"minecraft:wooden_axe":3,"minecraft:torch":16},"minecraft:killed":{"born_in_chaos_v1:restless_spirit":2,"born_in_chaos_v1:zombie_lumberjack":3,"minecraft:spider":9,"minecraft:skeleton":22,"minecraft:chicken":1,"mowziesmobs:umvuthana_crane":6,"minecraft:wolf":1,"minecraft:salmon":2,"minecraft:pillager":5,"minecraft:zombie":20,"born_in_chaos_v1:dread_hound":1,"born_in_chaos_v1:corpse_fly":1,"born_in_chaos_v1:door_knight":2,"alexsmobs:tasmanian_devil":1,"born_in_chaos_v1:skeleton_thrasher_not_despawn":1,"born_in_chaos_v1:zombie_bruiser":1,"born_in_chaos_v1:maggot":13,"alexsmobs:flying_fish":1,"mowziesmobs:umvuthana":31,"minecraft:husk":5,"born_in_chaos_v1:baby_skeleton":2,"born_in_chaos_v1:spirit_guide_assistant":2,"born_in_chaos_v1:decrepit_skeleton":5,"alexsmobs:catfish":1,"alexsmobs:gazelle":1,"species:wicked":1},"minecraft:used":{"minecraft:beetroot":3,"minecraft:iron_shovel":60,"minecraft:shield":100,"minecraft:iron_sword":929,"minecraft:carrot":6,"minecraft:bricks":1,"minecraft:packed_mud":2,"minecraft:golden_sword":72,"minecraft:furnace":2,"minecraft:potato":35,"minecraft:stone_pickaxe":179,"minecraft:oak_planks":4,"minecraft:wooden_pickaxe":42,"minecraft:leather_chestplate":1,"minecraft:blue_bed":1,"minecraft:golden_apple":2,"minecraft:black_bed":2,"minecraft:bread":237,"minecraft:cyan_bed":7,"minecraft:wooden_sword":3,"minecraft:coarse_dirt":7,"minecraft:stone_sword":372,"minecraft:stone_hoe":30,"minecraft:torch":39,"minecraft:dirt":24,"alexsmobs:cooked_kangaroo_meat":1,"minecraft:wooden_axe":11,"minecraft:iron_axe":60,"biomesoplenty:redwood_wood":24,"biomeswevegone:quicksand":1,"minecraft:cooked_beef":2,"minecraft:light_gray_bed":3,"minecraft:baked_potato":4,"minecraft:green_bed":4,"minecraft:crafting_table":9,"minecraft:oak_log":8,"minecraft:dark_prismarine":1,"minecraft:apple":12,"minecraft:iron_pickaxe":221,"minecraft:stone_axe":3,"minecraft:cobblestone":48,"minecraft:yellow_bed":1,"biomesoplenty:fir_log":41},"minecraft:broken":{"minecraft:iron_boots":1,"minecraft:iron_chestplate":1,"minecraft:golden_sword":2,"minecraft:iron_sword":3,"minecraft:wooden_axe":2,"minecraft:leather_helmet":1,"minecraft:stone_sword":1,"minecraft:leather_boots":1,"minecraft:iron_helmet":2},"minecraft:picked_up":{"minecraft:iron_chestplate":2,"minecraft:black_carpet":2,"minecraft:wheat":130,"minecraft:oak_stairs":2,"minecraft:enchanted_book":2,"minecraft:potion":2,"minecraft:brewing_stand":4,"minecraft:golden_sword":6,"minecraft:string":34,"alexsmobs:ancient_dart":1,"minecraft:armor_stand":1,"minecraft:beetroot":4,"minecraft:gold_nugget":8,"biomesoplenty:fir_planks":1,"minecraft:cobblestone_slab":1,"minecraft:calcite":2,"minecraft:iron_pickaxe":2,"biomesoplenty:redwood_wood":196,"minecraft:furnace":2,"minecraft:tipped_arrow":11,"minecraft:stick":34,"born_in_chaos_v1:shattered_skull":2,"minecraft:torch":214,"minecraft:green_bed":5,"iceandfire:lightning_dragon_flesh":4,"minecraft:lightning_rod":6,"biomesoplenty:orange_maple_sapling":2,"minecraft:cherry_log":2,"iceandfire:crackled_gravel":7,"minecraft:golden_chestplate":1,"minecraft:brown_carpet":5,"minecraft:light_gray_bed":3,"minecraft:rotten_flesh":80,"butchersdelightfoods:ham":2,"alexsmobs:emu_egg":1,"alexsmobs:flying_fish":1,"minecraft:cobblestone":190,"minecraft:leather_chestplate":1,"butchersdelightfoods:beeftenderloin":3,"minecraft:feather":9,"minecraft:cooked_beef":2,"minecraft:repeater":4,"minecraft:andesite":3,"born_in_chaos_v1:spiritual_dust":9,"minecraft:jungle_log":2,"minecraft:black_bed":2,"minecraft:jungle_wood":4,"minecraft:potato":21,"biomesoplenty:fir_sapling":12,"biomesoplenty:fir_log":83,"biomeswevegone:orchard_sapling":2,"minecraft:dirt":48,"biomesoplenty:snowblossom_sapling":2,"minecraft:bone":40,"minecraft:bow":1,"delightful:mini_melon":1,"minecraft:wheat_seeds":11,"minecraft:glowstone_dust":4,"minecraft:bamboo":13,"minecraft:moss_block":7,"minecraft:oak_planks":1,"biomeswevegone:rocky_stone":1,"croptopia:ginger":5,"iceandfire:lightning_dragon_heart":1,"minecraft:cyan_bed":9,"alexsmobs:animal_dictionary":3,"minecraft:mossy_cobblestone":4,"minecraft:dark_prismarine":1,"minecraft:sugar":1,"minecraft:diamond":1,"minecraft:soul_lantern":20,"regions_unexplored:clover":3,"minecraft:golden_apple":1,"minecraft:spruce_sign":1,"minecraft:bread":188,"minecraft:emerald":4,"alexsmobs:maggot":1,"biomesoplenty:pink_daffodil":1,"minecraft:oak_sapling":7,"minecraft:bricks":1,"minecraft:coarse_dirt":7,"minecraft:crafting_table":8,"biomeswevegone:magenta_amaranth":1,"minecraft:chicken":1,"croptopia:peach":3,"minecraft:redstone_lamp":17,"gravestone:obituary":30,"minecraft:shield":5,"minecraft:stripped_mangrove_log":4,"minecraft:cornflower":1,"minecraft:stone_stairs":3,"minecraft:moss_carpet":11,"minecraft:iron_axe":3,"minecraft:wooden_sword":2,"minecraft:sugar_cane":35,"iceandfire:dragonscales_electric":3,"minecraft:chest":1,"knightlib:small_essence":13,"minecraft:egg":1,"minecraft:raw_iron":16,"minecraft:stripped_mangrove_wood":16,"iceandfire:dragonbone":3,"born_in_chaos_v1:pieceofdarkmetal":1,"minecraft:carrot":1,"minecraft:redstone":8,"biomeswevegone:blue_enchanted_sapling":2,"minecraft:dark_oak_planks":12,"biomeswevegone:quicksand":37,"minecraft:arrow":31,"minecraft:beetroot_seeds":6,"minecraft:hay_block":2,"minecraft:stripped_dark_oak_wood":2,"biomesoplenty:redwood_sapling":15,"alexsmobs:kangaroo_meat":1,"minecraft:bone_block":34,"minecraft:stripped_oak_log":1,"born_in_chaos_v1:corpse_maggot":5,"minecraft:tripwire_hook":1,"biomesoplenty:goldenrod":3,"minecraft:leather":6,"minecraft:packed_mud":2,"minecraft:oak_log":31,"species:wicked_wax":2,"minecraft:yellow_bed":2,"minecraft:gunpowder":4,"minecraft:cobblestone_stairs":1,"minecraft:blue_bed":1,"minecraft:apple":16,"minecraft:stone_bricks":5,"minecraft:kelp":26,"minecraft:iron_ingot":7,"minecraft:oak_fence_gate":1,"minecraft:stone_pickaxe":6,"minecraft:cooked_chicken":1,"minecraft:mangrove_planks":36,"minecraft:iron_sword":6,"knightlib:great_essence":24,"minecraft:oak_slab":10,"born_in_chaos_v1:ethereal_spirit":3,"minecraft:dandelion":1,"biomeswevegone:blue_spruce_sapling":2,"minecraft:leather_helmet":1,"alexsmobs:raw_catfish":6,"born_in_chaos_v1:tombstone_somfunambulist":1,"minecraft:stone_axe":1,"biomeswevegone:cracked_sand":4,"minecraft:iron_helmet":1,"croptopia:orange":3,"minecraft:stripped_jungle_wood":1,"minecraft:gray_wool":1,"biomeswevegone:tiny_lily_pads":3,"minecraft:baked_potato":13,"minecraft:coal":159},"minecraft:mined":{"minecraft:dark_oak_planks":6,"biomeswevegone:mahogany_planks":3,"minecraft:jungle_leaves":18,"biomeswevegone:quicksand":6,"minecraft:grass_block":28,"minecraft:light_gray_bed":3,"born_in_chaos_v1:tombstone_somfunambulist":1,"minecraft:spawner":4,"minecraft:glowstone":1,"minecraft:iron_ore":16,"minecraft:moss_carpet":2,"minecraft:stripped_dark_oak_wood":1,"minecraft:brown_bed":1,"croptopia:apple_crop":1,"iceandfire:gold_pile":1,"minecraft:oak_stairs":1,"minecraft:iron_bars":2,"minecraft:stripped_mangrove_wood":3,"minecraft:green_bed":5,"minecraft:kelp_plant":3,"minecraft:powder_snow":6,"minecraft:torch":11,"minecraft:calcite":2,"minecraft:chest":1,"minecraft:cobblestone":17,"minecraft:cyan_bed":7,"minecraft:bricks":1,"minecraft:oak_planks":1,"minecraft:sugar_cane":1,"minecraft:wall_torch":5,"biomesoplenty:goldenrod":1,"minecraft:seagrass":1,"minecraft:stone_stairs":3,"minecraft:repeater":4,"minecraft:jungle_wood":4,"biomeswevegone:witch_hazel_branch":1,"minecraft:black_bed":2,"biomesoplenty:fir_log":10,"minecraft:grass":143,"biomesoplenty:clover":2,"minecraft:oak_log":27,"minecraft:beetroots":2,"minecraft:oak_fence_gate":1,"minecraft:dirt":25,"biomesoplenty:fir_sapling":1,"minecraft:tripwire_hook":1,"biomeswevegone:cracked_sand":3,"minecraft:oak_leaves":13,"minecraft:redstone_lamp":1,"iceandfire:chared_stone":1,"minecraft:suspicious_gravel":2,"minecraft:dark_prismarine":3,"croptopia:orange_crop":4,"biomeswevegone:cyan_amaranth":1,"minecraft:mossy_cobblestone":5,"gravestone:gravestone":32,"biomesoplenty:bush":2,"minecraft:stripped_jungle_wood":1,"minecraft:redstone_wire":2,"iceandfire:chared_dirt":2,"minecraft:moss_block":8,"minecraft:kelp":13,"minecraft:rooted_dirt":2,"biomeswevegone:magenta_amaranth":1,"minecraft:large_fern":7,"minecraft:hay_block":1,"minecraft:packed_mud":1,"minecraft:furnace":2,"biomeswevegone:tiny_lily_pads":3,"minecraft:andesite":7,"biomesoplenty:high_grass":18,"minecraft:vine":10,"minecraft:stripped_oak_log":1,"biomeswevegone:rocky_stone":3,"regions_unexplored:medium_grass":6,"minecraft:bamboo":2,"minecraft:stone":180,"regions_unexplored:windswept_grass":5,"minecraft:bone_block":30,"minecraft:cake":3,"minecraft:podzol":2,"minecraft:oak_slab":10,"minecraft:crafting_table":8,"biomesoplenty:fir_planks":1,"biomesoplenty:high_grass_plant":39,"minecraft:tall_grass":11,"biomesoplenty:sprout":1,"biomesoplenty:huge_clover_petal":3,"minecraft:gray_wool":1,"minecraft:coarse_dirt":4,"biomesoplenty:pink_daffodil":3,"minecraft:birch_leaves":1,"minecraft:mangrove_planks":1,"minecraft:yellow_bed":3,"minecraft:coal_ore":114,"minecraft:sunflower":1,"minecraft:gravel":19,"minecraft:cobweb":12,"biomesoplenty:redwood_sapling":1,"minecraft:stone_bricks":3,"minecraft:fern":23},"minecraft:killed_by":{"minecraft:husk":8,"minecraft:player":2}},"DataVersion":3465}