{"stats":{"minecraft:dropped":{"minecraft:stone_axe":1,"gravestone:obituary":1},"minecraft:mined":{"minecraft:mossy_cobblestone":5,"minecraft:crafting_table":1,"gravestone:gravestone":2,"biomesoplenty:fir_planks":1,"minecraft:cobblestone":17,"minecraft:moss_block":8,"minecraft:hay_block":1,"minecraft:furnace":1,"minecraft:iron_ore":3,"minecraft:andesite":3,"minecraft:moss_carpet":2,"biomesoplenty:fir_log":10,"minecraft:grass":7,"minecraft:coal_ore":21,"minecraft:dirt":1,"biomesoplenty:fir_sapling":1,"minecraft:stone":149,"minecraft:stone_bricks":3,"minecraft:fern":3},"minecraft:picked_up":{"minecraft:crafting_table":1,"minecraft:cooked_beef":2,"minecraft:andesite":3,"biomesoplenty:fir_sapling":12,"biomesoplenty:fir_log":83,"gravestone:obituary":1,"minecraft:stripped_mangrove_log":4,"minecraft:dirt":1,"minecraft:moss_carpet":11,"minecraft:bone":8,"minecraft:beetroot":1,"minecraft:stone_bricks":5,"biomesoplenty:fir_planks":1,"minecraft:moss_block":7,"knightlib:small_essence":1,"minecraft:furnace":1,"minecraft:stick":13,"minecraft:raw_iron":3,"minecraft:torch":29,"minecraft:mossy_cobblestone":4,"minecraft:arrow":5,"minecraft:rotten_flesh":4,"minecraft:stone_axe":1,"minecraft:hay_block":1,"minecraft:coal":43,"minecraft:cobblestone":159},"minecraft:used":{"minecraft:stone_sword":49,"minecraft:stone_pickaxe":170,"minecraft:wooden_pickaxe":41,"minecraft:crafting_table":2,"minecraft:apple":1,"minecraft:stone_axe":3,"minecraft:cobblestone":39,"minecraft:furnace":1,"minecraft:cooked_beef":2},"minecraft:broken":{"minecraft:wooden_axe":1},"minecraft:killed_by":{"minecraft:player":1},"minecraft:killed":{"minecraft:wolf":1,"born_in_chaos_v1:decrepit_skeleton":1,"minecraft:skeleton":2,"minecraft:zombie":1},"minecraft:crafted":{"minecraft:wooden_sword":1,"minecraft:wooden_shovel":1,"minecraft:stone_shovel":1,"minecraft:crafting_table":1,"minecraft:wooden_pickaxe":1,"minecraft:furnace":1,"minecraft:stone_axe":1,"biomesoplenty:fir_planks":28,"minecraft:stick":24,"minecraft:stone_pickaxe":3,"minecraft:wooden_axe":2,"minecraft:stone_sword":1,"minecraft:torch":16},"minecraft:custom":{"minecraft:interact_with_furnace":6,"minecraft:mob_kills":5,"minecraft:interact_with_crafting_table":14,"minecraft:tune_noteblock":1,"minecraft:leave_game":1,"minecraft:time_since_death":16163,"minecraft:sleep_in_bed":1,"minecraft:time_since_rest":10173,"minecraft:sprint_one_cm":16181,"minecraft:damage_taken":1100,"minecraft:walk_one_cm":197264,"minecraft:drop":2,"minecraft:damage_dealt":1169,"minecraft:fly_one_cm":3113,"minecraft:open_chest":1,"minecraft:crouch_one_cm":315,"waystones:waystone_activated":1,"minecraft:play_time":42204,"minecraft:deaths":3,"minecraft:sneak_time":842,"minecraft:jump":393,"minecraft:interact_with_blast_furnace":1,"minecraft:total_world_time":42204,"minecraft:fall_one_cm":7878}},"DataVersion":3465}