{"stats":{"minecraft:dropped":{"minecraft:stone_axe":1,"butchersdelightfoods:beeftenderloin":1,"gravestone:obituary":2},"minecraft:mined":{"croptopia:orange_crop":1,"minecraft:mossy_cobblestone":5,"minecraft:crafting_table":2,"minecraft:torch":4,"gravestone:gravestone":3,"biomesoplenty:fir_planks":1,"minecraft:tall_grass":1,"minecraft:cobblestone":17,"minecraft:moss_block":8,"minecraft:wall_torch":2,"minecraft:hay_block":1,"minecraft:furnace":2,"minecraft:iron_ore":3,"minecraft:andesite":3,"minecraft:moss_carpet":2,"minecraft:black_bed":1,"biomesoplenty:fir_log":10,"minecraft:grass":10,"minecraft:coal_ore":21,"minecraft:dirt":1,"biomesoplenty:fir_sapling":1,"minecraft:stone":149,"minecraft:stone_bricks":3,"minecraft:fern":9},"minecraft:picked_up":{"minecraft:crafting_table":2,"butchersdelightfoods:beeftenderloin":1,"minecraft:cooked_beef":2,"minecraft:andesite":3,"minecraft:black_bed":1,"minecraft:leather":3,"biomesoplenty:fir_sapling":12,"biomesoplenty:fir_log":83,"gravestone:obituary":1,"species:wicked_wax":2,"minecraft:stripped_mangrove_log":4,"minecraft:dirt":1,"minecraft:moss_carpet":11,"minecraft:bone":9,"minecraft:beetroot":1,"minecraft:stone_bricks":5,"minecraft:wheat_seeds":1,"biomesoplenty:fir_planks":1,"minecraft:cooked_chicken":1,"minecraft:moss_block":7,"knightlib:small_essence":1,"minecraft:furnace":2,"minecraft:stick":13,"minecraft:raw_iron":3,"minecraft:torch":35,"born_in_chaos_v1:ethereal_spirit":1,"minecraft:mossy_cobblestone":4,"minecraft:brown_carpet":5,"minecraft:arrow":5,"minecraft:rotten_flesh":4,"minecraft:stone_axe":1,"minecraft:hay_block":1,"minecraft:bread":4,"minecraft:coal":67,"minecraft:cobblestone":159},"minecraft:used":{"minecraft:stone_sword":87,"minecraft:stone_pickaxe":172,"minecraft:shield":5,"minecraft:wooden_pickaxe":41,"minecraft:torch":7,"minecraft:crafting_table":4,"minecraft:apple":1,"minecraft:bread":8,"minecraft:stone_axe":3,"minecraft:golden_sword":2,"minecraft:cobblestone":39,"minecraft:furnace":2,"biomesoplenty:fir_log":40,"minecraft:cooked_beef":2},"minecraft:broken":{"minecraft:wooden_axe":1},"minecraft:killed_by":{"minecraft:player":1},"minecraft:killed":{"minecraft:wolf":1,"born_in_chaos_v1:restless_spirit":1,"born_in_chaos_v1:decrepit_skeleton":1,"minecraft:skeleton":2,"minecraft:zombie":1},"minecraft:crafted":{"minecraft:wooden_sword":1,"minecraft:wooden_shovel":1,"minecraft:stone_shovel":1,"minecraft:crafting_table":2,"minecraft:wooden_pickaxe":1,"minecraft:furnace":1,"minecraft:stone_axe":1,"biomesoplenty:fir_planks":40,"minecraft:iron_chestplate":1,"minecraft:shield":1,"minecraft:stick":24,"minecraft:iron_ingot":3,"minecraft:stone_pickaxe":3,"minecraft:wooden_axe":2,"minecraft:stone_sword":1,"minecraft:torch":16,"minecraft:golden_sword":1},"minecraft:custom":{"minecraft:interact_with_furnace":8,"minecraft:mob_kills":6,"minecraft:interact_with_crafting_table":20,"minecraft:tune_noteblock":1,"minecraft:open_barrel":1,"minecraft:leave_game":1,"minecraft:time_since_death":140,"minecraft:sleep_in_bed":2,"minecraft:climb_one_cm":196,"minecraft:time_since_rest":173,"minecraft:sprint_one_cm":62854,"minecraft:damage_taken":2030,"minecraft:walk_one_cm":339750,"minecraft:damage_blocked_by_shield":60,"minecraft:drop":4,"minecraft:damage_dealt":1778,"minecraft:fly_one_cm":7438,"minecraft:open_chest":4,"minecraft:crouch_one_cm":315,"waystones:waystone_activated":2,"minecraft:play_time":66204,"minecraft:deaths":5,"minecraft:sneak_time":842,"minecraft:walk_under_water_one_cm":313,"minecraft:jump":581,"minecraft:interact_with_blast_furnace":5,"minecraft:walk_on_water_one_cm":4308,"minecraft:total_world_time":66204,"minecraft:fall_one_cm":10792}},"DataVersion":3465}