{"stats":{"minecraft:picked_up":{"minecraft:wheat":130,"born_in_chaos_v1:corpse_maggot":2,"minecraft:iron_chestplate":1,"minecraft:crafting_table":2,"butchersdelightfoods:beeftenderloin":1,"minecraft:cooked_beef":2,"minecraft:black_bed":2,"minecraft:leather":3,"minecraft:andesite":3,"minecraft:redstone_lamp":16,"minecraft:potato":15,"biomesoplenty:fir_sapling":12,"biomesoplenty:fir_log":83,"minecraft:potion":2,"gravestone:obituary":30,"species:wicked_wax":2,"minecraft:brewing_stand":4,"minecraft:golden_sword":6,"minecraft:stripped_mangrove_log":4,"minecraft:moss_carpet":11,"minecraft:dirt":1,"minecraft:wooden_sword":2,"biomesoplenty:snowblossom_sapling":2,"minecraft:bone":9,"minecraft:beetroot":1,"minecraft:stone_bricks":5,"minecraft:wheat_seeds":1,"biomesoplenty:fir_planks":1,"minecraft:stone_pickaxe":6,"minecraft:cooked_chicken":1,"minecraft:calcite":2,"minecraft:moss_block":7,"minecraft:sugar_cane":35,"minecraft:mangrove_planks":36,"knightlib:great_essence":2,"knightlib:small_essence":3,"minecraft:furnace":2,"minecraft:raw_iron":3,"minecraft:stick":13,"minecraft:stripped_mangrove_wood":12,"croptopia:ginger":5,"minecraft:torch":188,"born_in_chaos_v1:ethereal_spirit":1,"minecraft:lightning_rod":6,"biomesoplenty:orange_maple_sapling":2,"biomeswevegone:blue_spruce_sapling":2,"alexsmobs:animal_dictionary":3,"minecraft:mossy_cobblestone":4,"biomeswevegone:blue_enchanted_sapling":2,"minecraft:brown_carpet":5,"minecraft:arrow":5,"minecraft:rotten_flesh":37,"minecraft:stone_axe":1,"minecraft:soul_lantern":20,"minecraft:hay_block":1,"minecraft:stripped_dark_oak_wood":2,"minecraft:bread":20,"minecraft:spruce_sign":1,"minecraft:coal":67,"minecraft:cobblestone":159},"minecraft:broken":{"minecraft:leather_helmet":1,"minecraft:golden_sword":1,"minecraft:leather_boots":1,"minecraft:wooden_axe":1},"minecraft:crafted":{"minecraft:wooden_sword":1,"minecraft:wooden_shovel":1,"minecraft:stone_shovel":1,"minecraft:crafting_table":2,"minecraft:wooden_pickaxe":1,"minecraft:furnace":1,"minecraft:stone_axe":1,"biomesoplenty:fir_planks":40,"minecraft:iron_chestplate":1,"minecraft:shield":1,"minecraft:stick":24,"minecraft:stone_pickaxe":3,"minecraft:iron_ingot":3,"minecraft:wooden_axe":2,"minecraft:stone_sword":1,"minecraft:torch":16,"minecraft:golden_sword":2},"minecraft:killed":{"minecraft:wolf":1,"minecraft:husk":4,"born_in_chaos_v1:restless_spirit":1,"born_in_chaos_v1:decrepit_skeleton":1,"born_in_chaos_v1:maggot":2,"minecraft:skeleton":2,"minecraft:zombie":1},"minecraft:used":{"minecraft:stone_sword":147,"minecraft:stone_pickaxe":179,"minecraft:shield":12,"minecraft:wooden_pickaxe":41,"minecraft:torch":8,"minecraft:crafting_table":4,"minecraft:carrot":4,"minecraft:black_bed":2,"minecraft:apple":1,"minecraft:bread":11,"minecraft:stone_axe":3,"minecraft:golden_sword":40,"minecraft:wooden_sword":1,"minecraft:cobblestone":39,"minecraft:furnace":2,"biomesoplenty:fir_log":41,"minecraft:cooked_beef":2},"minecraft:dropped":{"biomeswevegone:blue_enchanted_sapling":1,"minecraft:stone_axe":1,"minecraft:stripped_mangrove_wood":10,"minecraft:sugar_cane":28,"alexsmobs:animal_dictionary":2,"croptopia:ginger":4,"minecraft:wheat":120,"minecraft:soul_lantern":10,"minecraft:rotten_flesh":7,"minecraft:mangrove_planks":28,"biomesoplenty:orange_maple_sapling":2,"minecraft:lightning_rod":4,"biomesoplenty:snowblossom_sapling":2,"minecraft:redstone_lamp":16,"minecraft:potato":12,"minecraft:brewing_stand":2,"butchersdelightfoods:beeftenderloin":1,"minecraft:torch":152,"knightlib:great_essence":2,"minecraft:potion":1,"minecraft:golden_sword":6,"gravestone:obituary":31,"minecraft:wooden_sword":1,"biomeswevegone:blue_spruce_sapling":1,"minecraft:stone_pickaxe":4},"minecraft:mined":{"croptopia:orange_crop":1,"minecraft:mossy_cobblestone":5,"minecraft:crafting_table":2,"minecraft:torch":4,"gravestone:gravestone":25,"minecraft:calcite":2,"biomesoplenty:fir_planks":1,"minecraft:tall_grass":1,"minecraft:cobblestone":17,"minecraft:moss_block":8,"minecraft:wall_torch":2,"minecraft:hay_block":1,"minecraft:furnace":2,"minecraft:iron_ore":3,"minecraft:andesite":3,"minecraft:mangrove_planks":1,"minecraft:moss_carpet":2,"minecraft:black_bed":2,"biomesoplenty:fir_log":10,"minecraft:stripped_dark_oak_wood":1,"minecraft:grass":11,"minecraft:coal_ore":21,"minecraft:dirt":1,"biomesoplenty:fir_sapling":1,"minecraft:stone":149,"minecraft:stone_bricks":3,"minecraft:stripped_mangrove_wood":2,"minecraft:fern":9},"minecraft:custom":{"minecraft:interact_with_furnace":8,"minecraft:mob_kills":12,"minecraft:tune_noteblock":1,"minecraft:interact_with_crafting_table":23,"minecraft:open_barrel":2,"minecraft:eat_cake_slice":7,"minecraft:leave_game":1,"minecraft:time_since_death":871,"minecraft:sleep_in_bed":2,"minecraft:climb_one_cm":196,"minecraft:time_since_rest":898,"minecraft:sprint_one_cm":73432,"minecraft:damage_taken":9158,"minecraft:walk_one_cm":490704,"minecraft:damage_blocked_by_shield":310,"minecraft:drop":98,"minecraft:damage_dealt":3994,"minecraft:fly_one_cm":18638,"minecraft:open_chest":8,"minecraft:crouch_one_cm":315,"waystones:waystone_activated":2,"minecraft:play_time":92921,"minecraft:deaths":31,"minecraft:sneak_time":842,"minecraft:walk_under_water_one_cm":313,"minecraft:jump":691,"minecraft:interact_with_blast_furnace":9,"minecraft:walk_on_water_one_cm":4308,"minecraft:total_world_time":92921,"minecraft:fall_one_cm":16151},"minecraft:killed_by":{"minecraft:husk":8,"minecraft:player":1}},"DataVersion":3465}