{"stats":{"minecraft:mined":{"minecraft:grass":1,"biomesoplenty:fir_log":10},"minecraft:picked_up":{"biomesoplenty:fir_log":10},"minecraft:crafted":{"biomesoplenty:fir_planks":28},"minecraft:custom":{"minecraft:jump":44,"minecraft:time_since_rest":4231,"minecraft:damage_taken":40,"minecraft:crouch_one_cm":186,"minecraft:leave_game":1,"minecraft:sprint_one_cm":5010,"minecraft:play_time":6204,"minecraft:walk_one_cm":9108,"minecraft:time_since_death":4199,"minecraft:deaths":1,"minecraft:sneak_time":465,"minecraft:total_world_time":6204,"minecraft:fall_one_cm":1440,"minecraft:fly_one_cm":169}},"DataVersion":3465}